sample_n,time_s,trial_n,baseline,target_temp,raw_temperature,smoothed_temperature,phase,transitioned,event,system_state,test_state,test_time_ms
1,0.000422,1,30.0,46.0,35.0,35.0,baseline,0,,2,1,3287
2,0.205457,1,30.0,46.0,35.0,35.0,baseline,0,,2,1,197
3,0.40522,1,30.0,46.0,35.0,35.0,baseline,0,,2,1,378
4,0.605448,1,30.0,46.0,35.0,35.0,baseline,0,,2,1,574
5,0.805463,1,30.0,46.0,35.0,35.0,baseline,0,,2,1,784
6,1.004659,1,30.0,46.0,35.0,35.0,baseline,0,,2,1,966
7,1.205447,1,30.0,46.0,35.0,35.0,baseline,0,,2,1,1214
8,1.405221,1,30.0,46.0,35.0,35.0,baseline,0,,2,1,1381
9,1.603516,1,30.0,46.0,35.0,35.0,baseline,0,,2,1,1613
10,1.802671,1,30.0,46.0,35.0,35.0,baseline,0,,2,1,1793
11,2.005436,1,30.0,46.0,35.0,35.0,baseline,0,,2,1,1991
12,2.205431,1,30.0,46.0,35.0,35.0,baseline,0,,2,1,2172
13,2.405212,1,30.0,46.0,35.0,35.0,baseline,0,,2,1,2369
14,2.604301,1,30.0,46.0,35.0,35.0,baseline,0,,2,1,2614
15,2.805235,1,30.0,46.0,35.0,35.0,baseline,0,,2,1,2781
16,3.005207,1,30.0,46.0,35.0,35.0,baseline,0,,2,1,2962
17,3.205214,1,30.0,46.0,35.0,35.0,baseline,0,,2,1,3193
18,3.401952,1,30.0,46.0,35.0,35.0,baseline,0,,2,1,3427
19,3.605008,1,30.0,46.0,35.0,35.0,baseline,0,,2,1,3554
20,3.805439,1,30.0,46.0,35.0,35.0,baseline,0,,2,1,3803
21,4.005439,1,30.0,46.0,35.0,35.0,baseline,0,,2,1,3998
22,4.203843,1,30.0,46.0,35.0,35.0,baseline,0,,2,1,4196
23,4.405436,1,30.0,46.0,35.0,35.0,baseline,0,,2,1,4377
24,4.605434,1,30.0,46.0,35.0,35.0,baseline,0,,2,1,4576
25,4.805443,1,30.0,46.0,35.0,35.0,baseline,0,,2,1,4757
26,5.005442,1,30.0,46.0,35.0,35.0,baseline,0,,2,1,4986
27,5.205282,1,30.0,46.0,35.0,35.0,baseline,0,,2,1,5165
28,5.405439,1,30.0,46.0,35.0,35.0,baseline,0,,2,1,5363
29,5.604178,1,30.0,46.0,35.0,35.0,baseline,0,,2,1,5609
30,5.805433,1,30.0,46.0,35.0,35.0,baseline,0,,2,1,5805
31,6.00544,1,30.0,46.0,35.0,35.0,baseline,0,,2,1,5986
32,6.205455,1,30.0,46.0,35.0,35.0,baseline,0,,2,1,6168
33,6.405434,1,30.0,46.0,35.0,35.0,baseline,0,,2,1,6351
34,6.605188,1,30.0,46.0,35.0,35.0,baseline,0,,2,1,6586
35,6.801353,1,30.0,46.0,35.0,35.0,baseline,0,,2,1,6766
36,7.005457,1,30.0,46.0,35.0,35.0,baseline,0,,2,1,7013
37,7.202788,1,30.0,46.0,35.0,35.0,baseline,0,,2,1,7196
38,7.405258,1,30.0,46.0,35.0,35.0,baseline,0,,2,1,7377
39,7.605436,1,30.0,46.0,35.0,35.0,baseline,0,,2,1,7576
40,7.805538,1,30.0,46.0,35.0,35.0,baseline,0,,2,1,7756
41,8.005441,1,30.0,46.0,35.0,35.0,baseline,0,,2,1,7985
42,8.205449,1,30.0,46.0,35.0,35.0,baseline,0,,2,1,8166
43,8.404328,1,30.0,46.0,35.0,35.0,baseline,0,,2,1,8414
44,8.601477,1,30.0,46.0,35.0,35.0,baseline,0,,2,1,8611
45,8.805444,1,30.0,46.0,35.0,35.0,baseline,0,,2,1,8810
46,9.005189,1,30.0,46.0,35.0,35.0,baseline,0,,2,1,8993
47,9.201413,1,30.0,46.0,35.0,35.0,baseline,0,,2,1,9208
48,9.405178,1,30.0,46.0,35.0,35.0,baseline,0,,2,1,9389
49,9.60544,1,30.0,46.0,35.0,35.0,baseline,0,,2,1,9570
50,9.80517,1,30.0,46.0,35.0,35.0,baseline,0,,2,1,9818
51,10.005218,1,30.0,46.0,35.0,35.0,baseline,0,,2,1,10014
52,10.205175,1,30.0,46.0,35.0,35.0,baseline,0,,2,1,10212
53,10.400634,1,30.0,46.0,35.0,35.0,baseline,0,,2,1,10392
54,10.605438,1,30.0,46.0,35.0,35.0,baseline,0,,2,1,10575
55,10.800803,1,30.0,46.0,35.0,35.0,baseline,0,,2,1,10794
56,11.00545,1,30.0,46.0,35.0,35.0,baseline,0,,2,1,11003
57,11.205445,1,30.0,46.0,35.0,35.0,baseline,0,,2,1,11202
58,11.405408,1,30.0,46.0,35.0,35.0,baseline,0,,2,1,11381
59,11.605439,1,30.0,46.0,35.0,35.0,baseline,0,,2,1,11568
60,11.805439,1,30.0,46.0,35.0,35.0,baseline,0,,2,1,11812
61,12.005441,1,30.0,46.0,35.0,35.0,baseline,0,,2,1,12009
62,12.205438,1,30.0,46.0,35.0,35.0,baseline,0,,2,1,12189
63,12.405435,1,30.0,46.0,35.0,35.0,baseline,0,,2,1,12369
64,12.60204,1,30.0,46.0,35.0,35.0,baseline,0,,2,1,12600
65,12.805183,1,30.0,46.0,35.0,35.0,baseline,0,,2,1,12796
66,13.001822,1,30.0,46.0,35.0,35.0,baseline,0,,2,1,12991
67,13.205345,1,30.0,46.0,35.0,35.0,baseline,0,,2,1,13171
68,13.404234,1,30.0,46.0,35.0,35.0,baseline,0,,2,1,13354
69,13.605435,1,30.0,46.0,35.0,35.0,baseline,0,,2,1,13602
70,13.805437,1,30.0,46.0,35.0,35.0,baseline,0,,2,1,13784
71,14.005447,1,30.0,46.0,35.0,35.0,baseline,0,,2,1,13978
72,14.205441,1,30.0,46.0,35.0,35.0,baseline,0,,2,1,14210
73,14.405432,1,30.0,46.0,35.0,35.0,baseline,0,,2,1,14377
74,14.605476,1,30.0,46.0,35.0,35.0,baseline,0,,2,1,14559
75,14.805525,1,30.0,46.0,35.0,35.0,baseline,0,,2,1,14754
76,15.005163,1,30.0,46.0,35.0,35.0,baseline,0,,2,1,14989
77,15.20524,1,30.0,46.0,35.0,35.0,baseline,0,,2,1,15180
78,15.405432,1,30.0,46.0,35.0,35.0,baseline,0,,2,1,15365
79,15.605188,1,30.0,46.0,35.0,35.0,baseline,0,,2,1,15559
80,15.805156,1,30.0,46.0,35.0,35.0,baseline,0,,2,1,15753
81,16.005377,1,30.0,46.0,35.0,35.0,baseline,0,,2,1,15987
82,16.205129,1,30.0,46.0,35.0,35.0,baseline,0,,2,1,16214
83,16.402359,1,30.0,46.0,35.0,35.0,baseline,0,,2,1,16397
84,16.605436,1,30.0,46.0,35.0,35.0,baseline,0,,2,1,16594
85,16.800886,1,30.0,46.0,35.0,35.0,baseline,0,,2,1,16787
86,17.005438,1,30.0,46.0,35.0,35.0,baseline,0,,2,1,16983
87,17.20519,1,30.0,46.0,35.0,35.0,baseline,0,,2,1,17178
88,17.404663,1,30.0,46.0,35.0,35.0,baseline,0,,2,1,17397
89,17.603166,1,30.0,46.0,35.0,35.0,baseline,0,,2,1,17578
90,17.805148,1,30.0,46.0,35.0,35.0,baseline,0,,2,1,17774
91,18.005434,1,30.0,46.0,35.0,35.0,baseline,0,,2,1,17991
92,18.20544,1,30.0,46.0,35.0,35.0,baseline,0,,2,1,18170
93,18.405148,1,30.0,46.0,35.0,35.0,baseline,0,,2,1,18367
94,18.605151,1,30.0,46.0,35.0,35.0,baseline,0,,2,1,18601
95,18.805458,1,30.0,46.0,35.0,35.0,baseline,0,,2,1,18781
96,19.005135,1,30.0,46.0,35.0,35.0,baseline,0,,2,1,18984
97,19.20544,1,30.0,46.0,35.0,35.0,baseline,0,,2,1,19192
98,19.405437,1,30.0,46.0,35.0,35.0,baseline,0,,2,1,19375
99,19.604618,1,30.0,46.0,35.0,35.0,baseline,0,,2,1,19556
100,19.801793,1,30.0,46.0,35.0,35.0,baseline,0,,2,1,19802
101,20.00544,1,30.0,46.0,35.0,35.0,baseline,0,,2,1,20001
102,20.205142,1,30.0,46.0,35.75,35.15,baseline,0,,2,1,20167
103,20.401088,1,30.0,46.0,36.79,35.508,baseline,0,,2,1,20397
104,20.604734,1,30.0,46.0,37.61,36.03,ramp_up,1,ramp_up,2,1,20580
105,20.805136,1,30.0,46.0,38.66,36.762,ramp_up,0,,2,1,20813
106,21.003145,1,30.0,46.0,39.4,37.642,ramp_up,0,,2,1,20978
107,21.205438,1,30.0,46.0,40.45,38.582,ramp_up,0,,2,1,21211
108,21.405166,1,30.0,46.0,41.33,39.49,ramp_up,0,,2,1,21406
109,21.601734,1,30.0,46.0,42.21,40.41,ramp_up,0,,2,1,21602
110,21.805139,1,30.0,46.0,43.1,41.298,ramp_up,0,,2,1,21799
111,22.005472,1,30.0,46.0,43.99,42.216,ramp_up,0,,2,1,21997
112,22.205444,1,30.0,46.0,44.87,43.1,ramp_up,0,,2,1,22193
113,22.404183,1,30.0,46.0,45.75,43.984,ramp_up,0,,2,1,22388
114,22.605444,1,30.0,46.0,46.0,44.742,ramp_up,0,,2,1,22569
115,22.805149,1,30.0,46.0,46.0,45.322,ramp_up,0,,2,1,22815
116,23.00392,1,30.0,46.0,46.0,45.724,ramp_up,0,,2,1,22996
117,23.202095,1,30.0,46.0,46.0,45.95,ramp_up,0,,2,1,23164
118,23.405447,1,30.0,46.0,46.0,46.0,hold,1,hold,2,1,23411
119,23.605442,1,30.0,46.0,46.0,46.0,hold,0,,2,1,23577
120,23.805124,1,30.0,46.0,46.0,46.0,hold,0,,2,1,23776
121,24.005437,1,30.0,46.0,46.0,46.0,hold,0,,2,1,23971
122,24.205446,1,30.0,46.0,46.0,46.0,hold,0,,2,1,24217
123,24.401727,1,30.0,46.0,46.0,46.0,hold,0,,2,1,24383
124,24.603545,1,30.0,46.0,46.0,46.0,hold,0,,2,1,24580
125,24.800884,1,30.0,46.0,46.0,46.0,hold,0,,2,1,24810
126,25.005454,1,30.0,46.0,46.0,46.0,hold,0,,2,1,25005
127,25.205435,1,30.0,46.0,46.0,46.0,hold,0,,2,1,25204
128,25.405108,1,30.0,46.0,46.0,46.0,hold,0,,2,1,25402
129,25.605124,1,30.0,46.0,46.0,46.0,hold,0,,2,1,25568
130,25.805128,1,30.0,46.0,46.0,46.0,hold,0,,2,1,25801
131,26.005137,1,30.0,46.0,46.0,46.0,hold,0,,2,1,25967
132,26.205448,1,30.0,46.0,46.0,46.0,hold,0,,2,1,26215
133,26.401983,1,30.0,46.0,46.0,46.0,hold,0,,2,1,26382
134,26.604421,1,30.0,46.0,46.0,46.0,hold,0,,2,1,26564
135,26.805439,1,30.0,46.0,46.0,46.0,hold,0,,2,1,26812
136,27.00545,1,30.0,46.0,46.0,46.0,hold,0,,2,1,26995
137,27.205439,1,30.0,46.0,46.0,46.0,hold,0,,2,1,27177
138,27.402066,1,30.0,46.0,46.0,46.0,hold,0,,2,1,27383
139,27.603681,1,30.0,46.0,46.0,46.0,hold,0,,2,1,27571
140,27.805211,1,30.0,46.0,46.0,46.0,hold,0,,2,1,27753
141,28.005446,1,30.0,46.0,46.0,46.0,hold,0,,2,1,28015
142,28.20433,1,30.0,46.0,46.0,46.0,hold,0,,2,1,28197
143,28.405109,1,30.0,46.0,46.0,46.0,hold,0,,2,1,28395
144,28.605111,1,30.0,46.0,46.0,46.0,hold,0,,2,1,28591
145,28.80544,1,30.0,46.0,46.0,46.0,hold,0,,2,1,28787
146,29.000659,1,30.0,46.0,46.0,46.0,hold,0,,2,1,28967
147,29.205575,1,30.0,46.0,46.0,46.0,hold,0,,2,1,29215
148,29.400511,1,30.0,46.0,46.0,46.0,hold,0,,2,1,29410
149,29.60544,1,30.0,46.0,46.0,46.0,hold,0,,2,1,29608
150,29.803505,1,30.0,46.0,46.0,46.0,hold,0,,2,1,29807
151,30.003602,1,30.0,46.0,46.0,46.0,hold,0,,2,1,29990
152,30.205443,1,30.0,46.0,46.0,46.0,hold,0,,2,1,30172
153,30.404227,1,30.0,46.0,46.0,46.0,hold,0,,2,1,30368
154,30.600516,1,30.0,46.0,46.0,46.0,hold,0,,2,1,30566
155,30.805439,1,30.0,46.0,46.0,46.0,hold,0,,2,1,30763
156,31.001769,1,30.0,46.0,46.0,46.0,hold,0,,2,1,30979
157,31.200869,1,30.0,46.0,46.0,46.0,hold,0,,2,1,31210
158,31.40544,1,30.0,46.0,46.0,46.0,hold,0,,2,1,31389
159,31.605445,1,30.0,46.0,46.0,46.0,hold,0,,2,1,31585
160,31.805467,1,30.0,46.0,46.0,46.0,hold,0,,2,1,31764
161,32.005438,1,30.0,46.0,46.0,46.0,hold,0,,2,1,32011
162,32.205451,1,30.0,46.0,46.0,46.0,hold,0,,2,1,32208
163,32.405458,1,30.0,46.0,46.0,46.0,hold,0,,2,1,32392
164,32.605435,1,30.0,46.0,46.0,46.0,hold,0,,2,1,32574
165,32.805435,1,30.0,46.0,46.0,46.0,hold,0,,2,1,32769
166,33.005465,1,30.0,46.0,46.0,46.0,hold,0,,2,1,33015
167,33.205452,1,30.0,46.0,46.0,46.0,hold,0,,2,1,33212
168,33.401683,1,30.0,46.0,46.0,46.0,hold,0,,2,1,33395
169,33.60544,1,30.0,46.0,46.0,46.0,hold,0,,2,1,33573
170,33.802374,1,30.0,46.0,46.0,46.0,hold,0,,2,1,33770
171,34.004838,1,30.0,46.0,46.0,46.0,hold,0,,2,1,33966
172,34.205443,1,30.0,46.0,46.0,46.0,hold,0,,2,1,34215
173,34.405449,1,30.0,46.0,46.0,46.0,hold,0,,2,1,34413
174,34.603273,1,30.0,46.0,46.0,46.0,hold,0,,2,1,34596
175,34.802089,1,30.0,46.0,46.0,46.0,hold,0,,2,1,34778
176,35.005457,1,30.0,46.0,46.0,46.0,hold,0,,2,1,35011
177,35.205437,1,30.0,46.0,46.0,46.0,hold,0,,2,1,35193
178,35.405436,1,30.0,46.0,46.0,46.0,hold,0,,2,1,35410
179,35.600939,1,30.0,46.0,46.0,46.0,hold,0,,2,1,35577
180,35.805441,1,30.0,46.0,46.0,46.0,hold,0,,2,1,35807
181,36.005438,1,30.0,46.0,46.0,46.0,hold,0,,2,1,36000
182,36.205451,1,30.0,46.0,46.0,46.0,hold,0,,2,1,36194
183,36.40544,1,30.0,46.0,46.0,46.0,hold,0,,2,1,36377
184,36.605449,1,30.0,46.0,46.0,46.0,hold,0,,2,1,36607
185,36.805444,1,30.0,46.0,46.0,46.0,hold,0,,2,1,36789
186,37.005499,1,30.0,46.0,46.0,46.0,hold,0,,2,1,36970
187,37.205454,1,30.0,46.0,46.0,46.0,hold,0,,2,1,37152
188,37.401009,1,30.0,46.0,46.0,46.0,hold,0,,2,1,37398
189,37.605441,1,30.0,46.0,46.0,46.0,hold,0,,2,1,37575
190,37.805444,1,30.0,46.0,46.0,46.0,hold,0,,2,1,37755
191,38.005438,1,30.0,46.0,46.0,46.0,hold,0,,2,1,38000
192,38.205447,1,30.0,46.0,46.0,46.0,hold,0,,2,1,38197
193,38.405437,1,30.0,46.0,46.0,46.0,hold,0,,2,1,38377
194,38.605456,1,30.0,46.0,46.0,46.0,hold,0,,2,1,38610
195,38.805459,1,30.0,46.0,46.0,46.0,hold,0,,2,1,38808
196,39.005434,1,30.0,46.0,46.0,46.0,hold,0,,2,1,39001
197,39.205441,1,30.0,46.0,46.0,46.0,hold,0,,2,1,39198
198,39.403012,1,30.0,46.0,46.0,46.0,hold,0,,2,1,39380
199,39.605502,1,30.0,46.0,46.0,46.0,hold,0,,2,1,39560
200,39.80546,1,30.0,46.0,46.0,46.0,hold,0,,2,1,39807
201,40.005466,1,30.0,46.0,46.0,46.0,hold,0,,2,1,39988
202,40.201706,1,30.0,46.0,46.0,46.0,hold,0,,2,1,40167
203,40.405436,1,30.0,46.0,46.0,46.0,hold,0,,2,1,40411
204,40.601637,1,30.0,46.0,46.0,46.0,hold,0,,2,1,40604
205,40.800819,1,30.0,46.0,46.0,46.0,hold,0,,2,1,40802
206,41.005437,1,30.0,46.0,46.0,46.0,hold,0,,2,1,40999
207,41.203546,1,30.0,46.0,46.0,46.0,hold,0,,2,1,41195
208,41.405452,1,30.0,46.0,46.0,46.0,hold,0,,2,1,41376
209,41.602096,1,30.0,46.0,46.0,46.0,hold,0,,2,1,41573
210,41.805463,1,30.0,46.0,46.0,46.0,hold,0,,2,1,41758
211,42.005444,1,30.0,46.0,46.0,46.0,hold,0,,2,1,42002
212,42.205441,1,30.0,46.0,46.0,46.0,hold,0,,2,1,42198
213,42.405458,1,30.0,46.0,46.0,46.0,hold,0,,2,1,42394
214,42.605444,1,30.0,46.0,46.0,46.0,hold,0,,2,1,42577
215,42.805464,1,30.0,46.0,46.0,46.0,hold,0,,2,1,42775
216,43.00545,1,30.0,46.0,46.0,46.0,hold,0,,2,1,42955
217,43.205438,1,30.0,46.0,46.0,46.0,hold,0,,2,1,43185
218,43.405437,1,30.0,46.0,46.0,46.0,hold,0,,2,1,43430
219,43.605455,1,30.0,46.0,46.0,46.0,hold,0,,2,1,43610
220,43.802275,1,30.0,46.0,46.0,46.0,hold,0,,2,1,43806
221,44.005433,1,30.0,46.0,46.0,46.0,hold,0,,2,1,44000
222,44.205439,1,30.0,46.0,46.0,46.0,hold,0,,2,1,44197
223,44.405452,1,30.0,46.0,46.0,46.0,hold,0,,2,1,44363
224,44.605455,1,30.0,46.0,46.0,46.0,hold,0,,2,1,44612
225,44.801239,1,30.0,46.0,46.0,46.0,hold,0,,2,1,44794
226,45.005449,1,30.0,46.0,46.0,46.0,hold,0,,2,1,44973
227,45.205441,1,30.0,46.0,46.0,46.0,hold,0,,2,1,45170
228,45.40544,1,30.0,46.0,46.0,46.0,hold,0,,2,1,45367
229,45.605454,1,30.0,46.0,46.0,46.0,hold,0,,2,1,45563
230,45.805437,1,30.0,46.0,46.0,46.0,hold,0,,2,1,45760
231,46.004388,1,30.0,46.0,46.0,46.0,hold,0,,2,1,45954
232,46.205439,1,30.0,46.0,46.0,46.0,hold,0,,2,1,46215
233,46.405441,1,30.0,46.0,46.0,46.0,hold,0,,2,1,46395
234,46.605452,1,30.0,46.0,46.0,46.0,hold,0,,2,1,46593
235,46.804068,1,30.0,46.0,46.0,46.0,hold,0,,2,1,46788
236,47.005442,1,30.0,46.0,46.0,46.0,hold,0,,2,1,46967
237,47.202622,1,30.0,46.0,46.0,46.0,hold,0,,2,1,47212
238,47.40157,1,30.0,46.0,46.0,46.0,hold,0,,2,1,47412
239,47.605122,1,30.0,46.0,46.0,46.0,hold,0,,2,1,47605
240,47.80435,1,30.0,46.0,46.0,46.0,hold,0,,2,1,47801
241,48.005136,1,30.0,46.0,46.0,46.0,hold,0,,2,1,47998
242,48.202053,1,30.0,46.0,46.0,46.0,hold,0,,2,1,48180
243,48.400507,1,30.0,46.0,46.0,46.0,hold,0,,2,1,48378
244,48.605505,1,30.0,46.0,46.0,46.0,hold,0,,2,1,48573
245,48.801434,1,30.0,46.0,46.0,46.0,hold,0,,2,1,48805
246,49.005444,1,30.0,46.0,46.0,46.0,hold,0,,2,1,48998
247,49.204326,1,30.0,46.0,46.0,46.0,hold,0,,2,1,49181
248,49.405442,1,30.0,46.0,46.0,46.0,hold,0,,2,1,49377
249,49.605443,1,30.0,46.0,46.0,46.0,hold,0,,2,1,49609
250,49.804463,1,30.0,46.0,46.0,46.0,hold,0,,2,1,49806
251,50.005446,1,30.0,46.0,46.0,46.0,hold,0,,2,1,50002
252,50.205455,1,30.0,46.0,46.0,46.0,hold,0,,2,1,50200
253,50.404961,1,30.0,46.0,46.0,46.0,hold,0,,2,1,50397
254,50.601713,1,30.0,46.0,46.0,46.0,hold,0,,2,1,50594
255,50.802876,1,30.0,46.0,46.0,46.0,hold,0,,2,1,50775
256,51.004314,1,30.0,46.0,46.0,46.0,hold,0,,2,1,50972
257,51.203446,1,30.0,46.0,46.0,46.0,hold,0,,2,1,51166
258,51.405441,1,30.0,46.0,46.0,46.0,hold,0,,2,1,51362
259,51.601907,1,30.0,46.0,46.0,46.0,hold,0,,2,1,51596
260,51.80544,1,30.0,46.0,46.0,46.0,hold,0,,2,1,51794
261,52.005459,1,30.0,46.0,46.0,46.0,hold,0,,2,1,51993
262,52.200611,1,30.0,46.0,46.0,46.0,hold,0,,2,1,52175
263,52.405437,1,30.0,46.0,46.0,46.0,hold,0,,2,1,52370
264,52.60459,1,30.0,46.0,45.51,45.902,hold,0,,2,1,52615
265,52.805443,1,30.0,46.0,44.96,45.694,hold,0,,2,1,52798
266,53.002731,1,30.0,46.0,44.42,45.378,hold,0,,2,1,52979
267,53.205437,1,30.0,46.0,43.82,44.942,ramp_down,1,ramp_down,2,1,53177
268,53.405484,1,30.0,46.0,43.28,44.398,ramp_down,0,,2,1,53357
269,53.605443,1,30.0,46.0,42.7,43.836,ramp_down,0,,2,1,53552
270,53.804806,1,30.0,46.0,42.01,43.246,ramp_down,0,,2,1,53781
271,54.000631,1,30.0,46.0,41.42,42.646,ramp_down,0,,2,1,53977
272,54.205443,1,30.0,46.0,40.72,42.026,ramp_down,0,,2,1,54211
273,54.405453,1,30.0,46.0,40.13,41.396,ramp_down,0,,2,1,54409
274,54.605446,1,30.0,46.0,39.54,40.764,ramp_down,0,,2,1,54604
275,54.805447,1,30.0,46.0,39.0,40.162,ramp_down,0,,2,1,54785
276,55.005437,1,30.0,46.0,38.45,39.568,ramp_down,0,,2,1,54968
277,55.205441,1,30.0,46.0,37.71,38.966,ramp_down,0,,2,1,55215
278,55.402127,1,30.0,46.0,37.17,38.374,ramp_down,0,,2,1,55411
279,55.605434,1,30.0,46.0,36.57,37.78,ramp_down,0,,2,1,55593
280,55.805448,1,30.0,46.0,36.03,37.186,ramp_down,0,,2,1,55776
281,56.000454,1,30.0,46.0,35.43,36.582,ramp_down,0,,2,1,55975
282,56.205437,1,30.0,46.0,35.0,36.04,ramp_down,0,,2,1,56158
283,56.405441,1,30.0,46.0,35.0,35.606,ramp_down,0,,2,1,56406
284,56.605443,1,30.0,46.0,35.0,35.292,ramp_down,0,,2,1,56604
285,56.802107,1,30.0,46.0,35.0,35.086,ramp_down,0,,2,1,56801
286,57.005441,1,30.0,46.0,35.0,35.0,ramp_down,0,,2,1,56999
287,57.202121,1,30.0,46.0,35.0,35.0,ramp_down,0,,2,1,57195
288,57.401392,1,30.0,46.0,35.0,35.0,ramp_down,0,,2,1,57394
289,57.60545,1,30.0,46.0,35.0,35.0,ramp_down,0,,2,1,57589
290,57.803478,1,30.0,46.0,35.0,35.0,ramp_down,0,,2,1,57769
291,58.005437,1,30.0,46.0,35.0,35.0,ramp_down,0,,2,1,57952
292,58.205015,1,30.0,46.0,35.0,35.0,ramp_down,0,,2,1,58199
293,58.405473,1,30.0,46.0,35.0,35.0,ramp_down,0,,2,1,58381
294,58.605444,1,30.0,46.0,35.0,35.0,ramp_down,0,,2,1,58580
295,58.805449,1,30.0,46.0,35.0,35.0,ramp_down,0,,2,1,58812
296,59.004073,1,30.0,46.0,35.0,35.0,ramp_down,0,,2,1,58992
297,59.205442,1,30.0,46.0,35.0,35.0,ramp_down,0,,2,1,59188
298,59.405472,1,30.0,46.0,35.0,35.0,ramp_down,0,,2,1,59369
299,59.604801,1,30.0,46.0,35.0,35.0,ramp_down,0,,2,1,59614
300,59.804184,1,30.0,46.0,35.0,35.0,ramp_down,0,,2,1,59809
301,60.005444,1,30.0,46.0,35.0,35.0,ramp_down,0,,2,1,60006
302,60.205448,1,30.0,46.0,35.0,35.0,ramp_down,0,,2,1,60186
303,60.405439,1,30.0,46.0,35.0,35.0,ramp_down,0,,2,1,60384
304,60.605445,1,30.0,46.0,35.0,35.0,ramp_down,0,,2,1,60629
305,60.804068,1,30.0,46.0,35.0,35.0,ramp_down,0,,2,1,60761
306,61.00545,1,30.0,46.0,35.0,35.0,ramp_down,0,,2,1,60957
307,61.20545,1,30.0,46.0,35.0,35.0,ramp_down,0,,2,1,61202
308,61.405448,1,30.0,46.0,35.0,35.0,ramp_down,0,,2,1,61400
309,61.605459,1,30.0,46.0,35.0,35.0,ramp_down,0,,2,1,61582
310,61.801276,1,30.0,46.0,35.0,35.0,ramp_down,0,,2,1,61778
311,62.005435,1,30.0,46.0,35.0,35.0,ramp_down,0,,2,1,61959
312,62.20544,1,30.0,46.0,35.0,35.0,ramp_down,0,,2,1,62203
313,62.401954,1,30.0,46.0,35.0,35.0,ramp_down,0,,2,1,62386
314,62.605454,1,30.0,46.0,35.0,35.0,ramp_down,0,,2,1,62567
315,62.805587,1,30.0,46.0,35.0,35.0,ramp_down,0,,2,1,62812
316,63.005448,1,30.0,46.0,35.0,35.0,ramp_down,0,,2,1,62995
317,63.205442,1,30.0,46.0,35.0,35.0,ramp_down,0,,2,1,63173
318,63.40546,1,30.0,46.0,35.0,35.0,ramp_down,0,,2,1,63372
319,63.605435,1,30.0,46.0,35.0,35.0,ramp_down,0,,2,1,63616
320,63.80544,1,30.0,46.0,35.0,35.0,ramp_down,0,,2,1,63813
321,64.005452,1,30.0,46.0,35.0,35.0,ramp_down,0,,2,1,63992
322,64.205463,1,30.0,46.0,35.0,35.0,ramp_down,0,,2,1,64191
323,64.405453,1,30.0,46.0,35.0,35.0,ramp_down,0,,2,1,64385
324,64.605439,1,30.0,46.0,35.0,35.0,ramp_down,0,,2,1,64583
325,64.805455,1,30.0,46.0,35.0,35.0,ramp_down,0,,2,1,64764
326,65.002425,1,30.0,46.0,35.0,35.0,ramp_down,0,,2,1,65025
327,65.201596,1,30.0,46.0,35.0,35.0,ramp_down,0,,2,1,65209
328,65.405453,1,30.0,46.0,35.0,35.0,ramp_down,0,,2,1,65390
329,65.605437,1,30.0,46.0,35.0,35.0,ramp_down,0,,2,1,65584
330,65.802727,1,30.0,46.0,35.0,35.0,ramp_down,0,,2,1,65767
331,66.005456,1,30.0,46.0,35.0,35.0,ramp_down,0,,2,1,65963
332,66.205548,1,30.0,46.0,35.0,35.0,ramp_down,0,,2,1,66195
333,66.405433,1,30.0,46.0,35.0,35.0,ramp_down,0,,2,1,66379
334,66.605437,1,30.0,46.0,35.0,35.0,ramp_down,0,,2,1,66571
335,66.804162,1,30.0,46.0,35.0,35.0,ramp_down,0,,2,1,66814
336,67.005446,1,30.0,46.0,35.0,35.0,ramp_down,0,,2,1,66980
337,67.205439,1,30.0,46.0,35.0,35.0,ramp_down,0,,2,1,67211
338,67.405441,1,30.0,46.0,35.0,35.0,ramp_down,0,,2,1,67390
339,67.605448,1,30.0,46.0,35.0,35.0,ramp_down,0,,2,1,67585
340,67.80546,1,30.0,46.0,35.0,35.0,ramp_down,0,,2,1,67780
341,68.001083,1,30.0,46.0,35.0,35.0,ramp_down,0,,2,1,68011
342,68.205448,1,30.0,46.0,35.0,35.0,ramp_down,0,,2,1,68191
343,68.405465,1,30.0,46.0,35.0,35.0,ramp_down,0,,2,1,68385
344,68.605445,1,30.0,46.0,35.0,35.0,ramp_down,0,,2,1,68582
345,68.805433,1,30.0,46.0,35.0,35.0,ramp_down,0,,2,1,68760
346,69.005437,1,30.0,46.0,35.0,35.0,ramp_down,0,,2,1,69021
347,69.205436,1,30.0,46.0,35.0,35.0,ramp_down,0,,2,1,69218
348,69.405439,1,30.0,46.0,35.0,35.0,ramp_down,0,,2,1,69398
349,69.603483,1,30.0,46.0,35.0,35.0,ramp_down,0,,2,1,69582
350,69.800933,1,30.0,46.0,35.0,35.0,ramp_down,0,,2,1,69778
351,70.005451,1,30.0,46.0,35.0,35.0,ramp_down,0,,2,1,69959
352,70.205457,1,30.0,46.0,35.0,35.0,ramp_down,0,,2,1,70209
353,70.405449,1,30.0,46.0,35.0,35.0,ramp_down,0,,2,1,70389
354,70.605447,1,30.0,46.0,35.0,35.0,ramp_down,0,,2,1,70569
355,70.803451,1,30.0,46.0,35.0,35.0,ramp_down,0,,2,1,70816
356,71.005451,1,30.0,46.0,35.0,35.0,ramp_down,0,,2,1,70967
357,71.201386,1,30.0,46.0,35.0,35.0,ramp_down,0,,2,1,71164
358,71.40544,1,30.0,46.0,35.0,35.0,ramp_down,0,,2,1,71396
359,71.60544,1,30.0,46.0,35.0,35.0,ramp_down,0,,2,1,71593
360,71.805448,1,30.0,46.0,35.0,35.0,ramp_down,0,,2,1,71775
361,72.005202,1,30.0,46.0,35.0,35.0,ramp_down,0,,2,1,71957
362,72.204008,1,30.0,46.0,35.0,35.0,ramp_down,0,,2,1,72219
363,72.405448,1,30.0,46.0,35.0,35.0,ramp_down,0,,2,1,72416
364,72.60303,1,30.0,46.0,35.0,35.0,ramp_down,0,,2,1,72609
365,72.801195,1,30.0,46.0,35.0,35.0,ramp_down,0,,2,1,72776
366,73.003696,1,30.0,46.0,35.0,35.0,ramp_down,0,,2,1,72970
367,73.20544,1,30.0,46.0,35.0,35.0,ramp_down,0,,2,1,73168
368,73.405438,1,30.0,46.0,35.0,35.0,ramp_down,0,,2,1,73400
369,73.605437,1,30.0,46.0,35.0,35.0,ramp_down,0,,2,1,73582
370,73.8018,1,30.0,46.0,35.0,35.0,ramp_down,0,,2,1,73812
371,74.005448,1,30.0,46.0,35.0,35.0,ramp_down,0,,2,1,74007
372,74.205451,1,30.0,46.0,35.0,35.0,ramp_down,0,,2,1,74173
373,74.405437,1,30.0,46.0,35.0,35.0,ramp_down,0,,2,1,74403
374,74.605449,1,30.0,46.0,35.0,35.0,ramp_down,0,,2,1,74585
375,74.805437,1,30.0,46.0,35.0,35.0,ramp_down,0,,2,1,74801
376,75.005439,1,30.0,46.0,35.0,35.0,ramp_down,0,,2,1,74984
377,75.202829,1,30.0,46.0,35.0,35.0,ramp_down,0,,2,1,75176
378,75.405444,1,30.0,46.0,35.0,35.0,ramp_down,0,,2,1,75371
379,75.602843,1,30.0,46.0,35.0,35.0,ramp_down,0,,2,1,75567
380,75.805441,1,30.0,46.0,35.0,35.0,ramp_down,0,,2,1,75767
381,76.005441,1,30.0,46.0,35.0,35.0,ramp_down,0,,2,1,75999
382,76.205442,1,30.0,46.0,35.0,35.0,ramp_down,0,,2,1,76197
383,76.405438,1,30.0,46.0,35.0,35.0,ramp_down,0,,2,1,76379
384,76.602406,1,30.0,46.0,35.0,35.0,ramp_down,0,,2,1,76595
385,76.802894,1,30.0,46.0,35.0,35.0,ramp_down,0,,2,1,76812
386,77.005435,1,30.0,46.0,35.0,35.0,ramp_down,0,,2,1,76992
387,77.204982,1,30.0,46.0,35.0,35.0,ramp_down,0,,2,1,77174
388,77.405443,1,30.0,46.0,35.0,35.0,ramp_down,0,,2,1,77371
389,77.605441,1,30.0,46.0,35.0,35.0,ramp_down,0,,2,1,77568
390,77.805439,1,30.0,46.0,35.0,35.0,ramp_down,0,,2,1,77765
391,78.005446,1,30.0,46.0,35.0,35.0,ramp_down,0,,2,1,77997
392,78.205467,1,30.0,46.0,35.0,35.0,ramp_down,0,,2,1,78179
393,78.404848,1,30.0,46.0,35.0,35.0,ramp_down,0,,2,1,78379
394,78.605446,1,30.0,46.0,35.0,35.0,ramp_down,0,,2,1,78594
395,78.805449,1,30.0,46.0,35.0,35.0,ramp_down,0,,2,1,78774
396,79.003449,1,30.0,46.0,35.0,35.0,ramp_down,0,,2,1,79006
397,79.205441,1,30.0,46.0,35.0,35.0,ramp_down,0,,2,1,79186
398,79.405461,1,30.0,46.0,35.0,35.0,ramp_down,0,,2,1,79368
399,79.605443,1,30.0,46.0,35.0,35.0,ramp_down,0,,2,1,79563
400,79.805469,1,30.0,46.0,35.0,35.0,ramp_down,0,,2,1,79809
401,80.00497,1,30.0,46.0,35.0,35.0,ramp_down,0,,2,1,79975
402,80.205444,1,30.0,46.0,35.0,35.0,ramp_down,0,,2,1,80158
403,80.405439,1,30.0,46.0,35.0,35.0,ramp_down,0,,2,1,80405
404,80.605536,1,30.0,46.0,35.0,35.0,ramp_down,0,,2,1,80585
405,80.80288,1,30.0,46.0,35.0,35.0,ramp_down,0,,2,1,80779
406,81.005437,1,30.0,46.0,35.0,35.0,ramp_down,0,,2,1,80975
407,81.205462,1,30.0,46.0,35.0,35.0,ramp_down,0,,2,1,81172
408,81.401628,1,30.0,46.0,35.0,35.0,ramp_down,0,,2,1,81352
409,81.605456,1,30.0,46.0,35.0,35.0,ramp_down,0,,2,1,81610
410,81.803437,1,30.0,46.0,35.0,35.0,ramp_down,0,,2,1,81806
411,82.00545,1,30.0,46.0,35.0,35.0,ramp_down,0,,2,1,82001
412,82.205444,1,30.0,46.0,35.0,35.0,ramp_down,0,,2,1,82195
413,82.405443,1,30.0,46.0,35.0,35.0,ramp_down,0,,2,1,82391
414,82.605448,1,30.0,46.0,35.0,35.0,ramp_down,0,,2,1,82586
415,82.805457,1,30.0,46.0,35.0,35.0,ramp_down,0,,2,1,82779
416,83.004162,1,30.0,46.0,35.0,35.0,ramp_down,0,,2,1,82973
417,83.20186,1,30.0,46.0,35.0,35.0,ramp_down,0,,2,1,83170
418,83.405452,1,30.0,46.0,35.0,35.0,ramp_down,0,,2,1,83365
419,83.605454,1,30.0,46.0,35.0,35.0,ramp_down,0,,2,1,83561
420,83.805441,1,30.0,46.0,35.0,35.0,ramp_down,0,,2,1,83808
421,84.005445,1,30.0,46.0,35.0,35.0,ramp_down,0,,2,1,84006
422,84.203847,1,30.0,46.0,35.0,35.0,ramp_down,0,,2,1,84173
423,84.405446,1,30.0,46.0,35.0,35.0,ramp_down,0,,2,1,84366
424,84.60545,1,30.0,46.0,35.0,35.0,ramp_down,0,,2,1,84561
425,84.805445,1,30.0,46.0,35.0,35.0,ramp_down,0,,2,1,84754
426,85.005439,1,30.0,46.0,35.0,35.0,ramp_down,0,,2,1,85013
427,85.200754,1,30.0,46.0,35.0,35.0,ramp_down,0,,2,1,85193
428,85.405442,1,30.0,46.0,35.0,35.0,ramp_down,0,,2,1,85411
429,85.600706,1,30.0,46.0,35.0,35.0,ramp_down,0,,2,1,85603
430,85.804576,1,30.0,46.0,35.0,35.0,ramp_down,0,,2,1,85799
431,86.005441,1,30.0,46.0,35.0,35.0,ramp_down,0,,2,1,85995
432,86.205456,1,30.0,46.0,35.28,35.056,ramp_down,0,,2,1,86176
433,86.405453,1,30.0,46.0,36.17,35.29,ramp_down,0,,2,1,86371
434,86.605454,1,30.0,46.0,37.05,35.7,ramp_down,0,,2,1,86568
435,86.802514,1,30.0,46.0,37.87,36.274,complete,1,complete,2,1,86750
436,87.005449,2,30.0,48.0,39.04,39.04,baseline,0,,2,1,87010
437,87.205445,2,30.0,48.0,39.92,39.48,baseline,0,,2,1,87206
438,87.405453,2,30.0,48.0,40.8,39.92,baseline,0,,2,1,87401
439,87.605447,2,30.0,48.0,41.68,40.36,ramp_up,1,ramp_up,2,1,87597
440,87.805455,2,30.0,48.0,42.5,40.788,ramp_up,0,,2,1,87779
441,88.005454,2,30.0,48.0,43.55,41.69,ramp_up,0,,2,1,88013
442,88.20544,2,30.0,48.0,44.37,42.58,ramp_up,0,,2,1,88194
443,88.405441,2,30.0,48.0,45.17,43.454,ramp_up,0,,2,1,88373
444,88.605436,2,30.0,48.0,46.06,44.33,ramp_up,0,,2,1,88569
445,88.805448,2,30.0,48.0,46.95,45.22,ramp_up,0,,2,1,88768
446,89.005023,2,30.0,48.0,47.83,46.076,ramp_up,0,,2,1,88964
447,89.201931,2,30.0,48.0,48.0,46.802,ramp_up,0,,2,1,89159
448,89.400476,2,30.0,48.0,48.0,47.368,ramp_up,0,,2,1,89404
449,89.605441,2,30.0,48.0,48.0,47.756,ramp_up,0,,2,1,89598
450,89.804101,2,30.0,48.0,48.0,47.966,ramp_up,0,,2,1,89795
451,90.005449,2,30.0,48.0,48.0,48.0,hold,1,hold,2,1,89987
452,90.205454,2,30.0,48.0,48.0,48.0,hold,0,,2,1,90165
453,90.405463,2,30.0,48.0,48.0,48.0,hold,0,,2,1,90359
454,90.60544,2,30.0,48.0,48.0,48.0,hold,0,,2,1,90554
455,90.802162,2,30.0,48.0,48.0,48.0,hold,0,,2,1,90782
456,91.004763,2,30.0,48.0,48.0,48.0,hold,0,,2,1,90977
457,91.203428,2,30.0,48.0,48.0,48.0,hold,0,,2,1,91159
458,91.405464,2,30.0,48.0,48.0,48.0,hold,0,,2,1,91416
459,91.605452,2,30.0,48.0,48.0,48.0,hold,0,,2,1,91598
460,91.805455,2,30.0,48.0,48.0,48.0,hold,0,,2,1,91796
461,92.001327,2,30.0,48.0,48.0,48.0,hold,0,,2,1,91991
462,92.205436,2,30.0,48.0,48.0,48.0,hold,0,,2,1,92171
463,92.405436,2,30.0,48.0,48.0,48.0,hold,0,,2,1,92363
464,92.605438,2,30.0,48.0,48.0,48.0,hold,0,,2,1,92557
465,92.805,2,30.0,48.0,48.0,48.0,hold,0,,2,1,92801
466,93.005441,2,30.0,48.0,48.0,48.0,hold,0,,2,1,92996
467,93.205454,2,30.0,48.0,48.0,48.0,hold,0,,2,1,93191
468,93.40546,2,30.0,48.0,48.0,48.0,hold,0,,2,1,93384
469,93.605463,2,30.0,48.0,48.0,48.0,hold,0,,2,1,93563
470,93.805441,2,30.0,48.0,48.0,48.0,hold,0,,2,1,93756
471,94.002878,2,30.0,48.0,48.0,48.0,hold,0,,2,1,94015
472,94.203398,2,30.0,48.0,48.0,48.0,hold,0,,2,1,94197
473,94.405448,2,30.0,48.0,48.0,48.0,hold,0,,2,1,94376
474,94.605439,2,30.0,48.0,48.0,48.0,hold,0,,2,1,94572
475,94.803455,2,30.0,48.0,48.0,48.0,hold,0,,2,1,94767
476,95.005441,2,30.0,48.0,48.0,48.0,hold,0,,2,1,95010
477,95.204373,2,30.0,48.0,48.0,48.0,hold,0,,2,1,95201
478,95.405461,2,30.0,48.0,48.0,48.0,hold,0,,2,1,95367
479,95.600743,2,30.0,48.0,48.0,48.0,hold,0,,2,1,95562
480,95.80547,2,30.0,48.0,48.0,48.0,hold,0,,2,1,95758
481,96.005439,2,30.0,48.0,48.0,48.0,hold,0,,2,1,96018
482,96.205386,2,30.0,48.0,48.0,48.0,hold,0,,2,1,96215
483,96.405446,2,30.0,48.0,48.0,48.0,hold,0,,2,1,96393
484,96.605443,2,30.0,48.0,48.0,48.0,hold,0,,2,1,96571
485,96.803456,2,30.0,48.0,48.0,48.0,hold,0,,2,1,96816
486,97.003205,2,30.0,48.0,48.0,48.0,hold,0,,2,1,96996
487,97.205448,2,30.0,48.0,48.0,48.0,hold,0,,2,1,97192
488,97.400594,2,30.0,48.0,48.0,48.0,hold,0,,2,1,97385
489,97.604812,2,30.0,48.0,48.0,48.0,hold,0,,2,1,97580
490,97.80544,2,30.0,48.0,48.0,48.0,hold,0,,2,1,97810
491,98.005446,2,30.0,48.0,48.0,48.0,hold,0,,2,1,97976
492,98.201383,2,30.0,48.0,48.0,48.0,hold,0,,2,1,98155
493,98.405449,2,30.0,48.0,48.0,48.0,hold,0,,2,1,98417
494,98.604381,2,30.0,48.0,48.0,48.0,hold,0,,2,1,98597
495,98.805448,2,30.0,48.0,48.0,48.0,hold,0,,2,1,98778
496,99.003021,2,30.0,48.0,48.0,48.0,hold,0,,2,1,99008
497,99.205442,2,30.0,48.0,48.0,48.0,hold,0,,2,1,99203
498,99.405477,2,30.0,48.0,48.0,48.0,hold,0,,2,1,99384
499,99.605463,2,30.0,48.0,48.0,48.0,hold,0,,2,1,99615
500,99.804504,2,30.0,48.0,48.0,48.0,hold,0,,2,1,99795
501,100.005437,2,30.0,48.0,48.0,48.0,hold,0,,2,1,99975
502,100.205442,2,30.0,48.0,48.0,48.0,hold,0,,2,1,100171
503,100.405452,2,30.0,48.0,48.0,48.0,hold,0,,2,1,100416
504,100.605457,2,30.0,48.0,48.0,48.0,hold,0,,2,1,100598
505,100.803448,2,30.0,48.0,48.0,48.0,hold,0,,2,1,100765
506,101.004919,2,30.0,48.0,48.0,48.0,hold,0,,2,1,101014
507,101.201792,2,30.0,48.0,48.0,48.0,hold,0,,2,1,101194
508,101.405437,2,30.0,48.0,48.0,48.0,hold,0,,2,1,101376
509,101.605449,2,30.0,48.0,48.0,48.0,hold,0,,2,1,101607
510,101.805445,2,30.0,48.0,48.0,48.0,hold,0,,2,1,101788
511,102.00544,2,30.0,48.0,48.0,48.0,hold,0,,2,1,101970
512,102.205435,2,30.0,48.0,48.0,48.0,hold,0,,2,1,102168
513,102.405448,2,30.0,48.0,48.0,48.0,hold,0,,2,1,102381
514,102.604628,2,30.0,48.0,48.0,48.0,hold,0,,2,1,102599
515,102.805438,2,30.0,48.0,48.0,48.0,hold,0,,2,1,102815
516,103.005438,2,30.0,48.0,48.0,48.0,hold,0,,2,1,102979
517,103.203314,2,30.0,48.0,48.0,48.0,hold,0,,2,1,103213
518,103.405445,2,30.0,48.0,48.0,48.0,hold,0,,2,1,103379
519,103.605436,2,30.0,48.0,48.0,48.0,hold,0,,2,1,103624
520,103.805383,2,30.0,48.0,48.0,48.0,hold,0,,2,1,103807
521,104.005455,2,30.0,48.0,48.0,48.0,hold,0,,2,1,104001
522,104.205432,2,30.0,48.0,48.0,48.0,hold,0,,2,1,104168
523,104.405456,2,30.0,48.0,48.0,48.0,hold,0,,2,1,104385
524,104.605473,2,30.0,48.0,48.0,48.0,hold,0,,2,1,104615
525,104.80546,2,30.0,48.0,48.0,48.0,hold,0,,2,1,104813
526,105.00544,2,30.0,48.0,48.0,48.0,hold,0,,2,1,104996
527,105.205545,2,30.0,48.0,48.0,48.0,hold,0,,2,1,105178
528,105.405438,2,30.0,48.0,48.0,48.0,hold,0,,2,1,105374
529,105.605448,2,30.0,48.0,48.0,48.0,hold,0,,2,1,105605
530,105.805436,2,30.0,48.0,48.0,48.0,hold,0,,2,1,105772
531,106.005454,2,30.0,48.0,48.0,48.0,hold,0,,2,1,105954
532,106.205477,2,30.0,48.0,48.0,48.0,hold,0,,2,1,106200
533,106.405445,2,30.0,48.0,48.0,48.0,hold,0,,2,1,106383
534,106.605457,2,30.0,48.0,48.0,48.0,hold,0,,2,1,106583
535,106.805449,2,30.0,48.0,48.0,48.0,hold,0,,2,1,106763
536,107.00488,2,30.0,48.0,48.0,48.0,hold,0,,2,1,106959
537,107.201601,2,30.0,48.0,48.0,48.0,hold,0,,2,1,107156
538,107.4041,2,30.0,48.0,48.0,48.0,hold,0,,2,1,107353
539,107.605448,2,30.0,48.0,48.0,48.0,hold,0,,2,1,107613
540,107.804878,2,30.0,48.0,48.0,48.0,hold,0,,2,1,107808
541,108.00546,2,30.0,48.0,48.0,48.0,hold,0,,2,1,108007
542,108.205119,2,30.0,48.0,48.0,48.0,hold,0,,2,1,108203
543,108.405435,2,30.0,48.0,48.0,48.0,hold,0,,2,1,108382
544,108.603893,2,30.0,48.0,48.0,48.0,hold,0,,2,1,108580
545,108.805437,2,30.0,48.0,48.0,48.0,hold,0,,2,1,108810
546,109.005448,2,30.0,48.0,48.0,48.0,hold,0,,2,1,108993
547,109.20544,2,30.0,48.0,48.0,48.0,hold,0,,2,1,109174
548,109.402197,2,30.0,48.0,48.0,48.0,hold,0,,2,1,109368
549,109.604645,2,30.0,48.0,48.0,48.0,hold,0,,2,1,109564
550,109.803448,2,30.0,48.0,48.0,48.0,hold,0,,2,1,109811
551,110.001553,2,30.0,48.0,48.0,48.0,hold,0,,2,1,109993
552,110.205454,2,30.0,48.0,48.0,48.0,hold,0,,2,1,110175
553,110.405447,2,30.0,48.0,48.0,48.0,hold,0,,2,1,110373
554,110.605448,2,30.0,48.0,48.0,48.0,hold,0,,2,1,110569
555,110.805438,2,30.0,48.0,48.0,48.0,hold,0,,2,1,110814
556,111.002993,2,30.0,48.0,48.0,48.0,hold,0,,2,1,110981
557,111.203574,2,30.0,48.0,48.0,48.0,hold,0,,2,1,111163
558,111.403207,2,30.0,48.0,48.0,48.0,hold,0,,2,1,111413
559,111.60545,2,30.0,48.0,48.0,48.0,hold,0,,2,1,111594
560,111.805441,2,30.0,48.0,48.0,48.0,hold,0,,2,1,111789
561,112.004421,2,30.0,48.0,48.0,48.0,hold,0,,2,1,111990
562,112.205445,2,30.0,48.0,48.0,48.0,hold,0,,2,1,112168
563,112.405433,2,30.0,48.0,48.0,48.0,hold,0,,2,1,112415
564,112.605472,2,30.0,48.0,48.0,48.0,hold,0,,2,1,112582
565,112.802174,2,30.0,48.0,48.0,48.0,hold,0,,2,1,112773
566,113.005443,2,30.0,48.0,48.0,48.0,hold,0,,2,1,112960
567,113.205449,2,30.0,48.0,48.0,48.0,hold,0,,2,1,113192
568,113.405459,2,30.0,48.0,48.0,48.0,hold,0,,2,1,113373
569,113.602205,2,30.0,48.0,48.0,48.0,hold,0,,2,1,113570
570,113.805454,2,30.0,48.0,48.0,48.0,hold,0,,2,1,113814
571,114.005444,2,30.0,48.0,48.0,48.0,hold,0,,2,1,113981
572,114.205454,2,30.0,48.0,48.0,48.0,hold,0,,2,1,114180
573,114.404939,2,30.0,48.0,48.0,48.0,hold,0,,2,1,114362
574,114.605436,2,30.0,48.0,48.0,48.0,hold,0,,2,1,114594
575,114.80348,2,30.0,48.0,48.0,48.0,hold,0,,2,1,114787
576,115.005443,2,30.0,48.0,48.0,48.0,hold,0,,2,1,114983
577,115.205455,2,30.0,48.0,48.0,48.0,hold,0,,2,1,115189
578,115.400842,2,30.0,48.0,48.0,48.0,hold,0,,2,1,115377
579,115.603468,2,30.0,48.0,48.0,48.0,hold,0,,2,1,115606
580,115.80525,2,30.0,48.0,48.0,48.0,hold,0,,2,1,115787
581,116.001062,2,30.0,48.0,48.0,48.0,hold,0,,2,1,115967
582,116.205095,2,30.0,48.0,48.0,48.0,hold,0,,2,1,116214
583,116.405454,2,30.0,48.0,48.0,48.0,hold,0,,2,1,116410
584,116.605436,2,30.0,48.0,48.0,48.0,hold,0,,2,1,116601
585,116.805459,2,30.0,48.0,48.0,48.0,hold,0,,2,1,116783
586,117.004568,2,30.0,48.0,48.0,48.0,hold,0,,2,1,116980
587,117.204423,2,30.0,48.0,48.0,48.0,hold,0,,2,1,117197
588,117.404741,2,30.0,48.0,48.0,48.0,hold,0,,2,1,117414
589,117.605445,2,30.0,48.0,48.0,48.0,hold,0,,2,1,117582
590,117.805445,2,30.0,48.0,48.0,48.0,hold,0,,2,1,117763
591,118.004341,2,30.0,48.0,48.0,48.0,hold,0,,2,1,117980
592,118.205276,2,30.0,48.0,48.0,48.0,hold,0,,2,1,118162
593,118.40544,2,30.0,48.0,48.0,48.0,hold,0,,2,1,118409
594,118.605453,2,30.0,48.0,48.0,48.0,hold,0,,2,1,118605
595,118.80544,2,30.0,48.0,48.0,48.0,hold,0,,2,1,118786
596,119.005445,2,30.0,48.0,48.0,48.0,hold,0,,2,1,118984
597,119.205433,2,30.0,48.0,47.5,47.9,hold,0,,2,1,119166
598,119.40544,2,30.0,48.0,46.76,47.652,hold,0,,2,1,119415
599,119.605449,2,30.0,48.0,46.25,47.302,hold,0,,2,1,119583
600,119.803388,2,30.0,48.0,45.71,46.844,ramp_down,1,ramp_down,2,1,119764
601,120.005437,2,30.0,48.0,44.97,46.238,ramp_down,0,,2,1,120010
602,120.205439,2,30.0,48.0,44.38,45.614,ramp_down,0,,2,1,120210
603,120.405458,2,30.0,48.0,43.83,45.028,ramp_down,0,,2,1,120391
604,120.605439,2,30.0,48.0,43.28,44.434,ramp_down,0,,2,1,120574
605,120.805453,2,30.0,48.0,42.7,43.832,ramp_down,0,,2,1,120770
606,121.00544,2,30.0,48.0,41.96,43.23,ramp_down,0,,2,1,121014
607,121.20544,2,30.0,48.0,41.42,42.638,ramp_down,0,,2,1,121195
608,121.401778,2,30.0,48.0,40.92,42.056,ramp_down,0,,2,1,121362
609,121.603819,2,30.0,48.0,40.18,41.436,ramp_down,0,,2,1,121609
610,121.805452,2,30.0,48.0,39.59,40.814,ramp_down,0,,2,1,121804
611,122.00545,2,30.0,48.0,39.01,40.224,ramp_down,0,,2,1,121998
612,122.201935,2,30.0,48.0,38.47,39.634,ramp_down,0,,2,1,122178
613,122.400825,2,30.0,48.0,37.82,39.014,ramp_down,0,,2,1,122393
614,122.605445,2,30.0,48.0,37.33,38.444,ramp_down,0,,2,1,122559
615,122.805455,2,30.0,48.0,36.59,37.844,ramp_down,0,,2,1,122805
616,123.005459,2,30.0,48.0,36.0,37.242,ramp_down,0,,2,1,123002
617,123.204861,2,30.0,48.0,35.41,36.63,ramp_down,0,,2,1,123199
618,123.403878,2,30.0,48.0,35.0,36.066,ramp_down,0,,2,1,123394
619,123.605451,2,30.0,48.0,35.0,35.6,ramp_down,0,,2,1,123576
620,123.805442,2,30.0,48.0,35.0,35.282,ramp_down,0,,2,1,123812
621,124.005451,2,30.0,48.0,35.0,35.082,ramp_down,0,,2,1,124007
622,124.204176,2,30.0,48.0,35.0,35.0,ramp_down,0,,2,1,124190
623,124.405445,2,30.0,48.0,35.0,35.0,ramp_down,0,,2,1,124385
624,124.605487,2,30.0,48.0,35.0,35.0,ramp_down,0,,2,1,124616
625,124.805441,2,30.0,48.0,35.0,35.0,ramp_down,0,,2,1,124796
626,125.005446,2,30.0,48.0,35.0,35.0,ramp_down,0,,2,1,124979
627,125.205178,2,30.0,48.0,35.0,35.0,ramp_down,0,,2,1,125211
628,125.404869,2,30.0,48.0,35.0,35.0,ramp_down,0,,2,1,125393
629,125.605461,2,30.0,48.0,35.0,35.0,ramp_down,0,,2,1,125559
630,125.803457,2,30.0,48.0,35.0,35.0,ramp_down,0,,2,1,125754
631,126.00522,2,30.0,48.0,35.0,35.0,ramp_down,0,,2,1,125983
632,126.205444,2,30.0,48.0,35.0,35.0,ramp_down,0,,2,1,126214
633,126.405452,2,30.0,48.0,35.0,35.0,ramp_down,0,,2,1,126396
634,126.604272,2,30.0,48.0,35.0,35.0,ramp_down,0,,2,1,126614
635,126.802636,2,30.0,48.0,35.0,35.0,ramp_down,0,,2,1,126812
636,127.005453,2,30.0,48.0,35.0,35.0,ramp_down,0,,2,1,126996
637,127.205457,2,30.0,48.0,35.0,35.0,ramp_down,0,,2,1,127180
638,127.405452,2,30.0,48.0,35.0,35.0,ramp_down,0,,2,1,127361
639,127.605442,2,30.0,48.0,35.0,35.0,ramp_down,0,,2,1,127557
640,127.805453,2,30.0,48.0,35.0,35.0,ramp_down,0,,2,1,127804
641,128.005447,2,30.0,48.0,35.0,35.0,ramp_down,0,,2,1,128001
642,128.205447,2,30.0,48.0,35.0,35.0,ramp_down,0,,2,1,128199
643,128.40544,2,30.0,48.0,35.0,35.0,ramp_down,0,,2,1,128382
644,128.605441,2,30.0,48.0,35.0,35.0,ramp_down,0,,2,1,128564
645,128.803853,2,30.0,48.0,35.0,35.0,ramp_down,0,,2,1,128795
646,129.005434,2,30.0,48.0,35.0,35.0,ramp_down,0,,2,1,129012
647,129.205455,2,30.0,48.0,35.0,35.0,ramp_down,0,,2,1,129193
648,129.405254,2,30.0,48.0,35.0,35.0,ramp_down,0,,2,1,129374
649,129.605451,2,30.0,48.0,35.0,35.0,ramp_down,0,,2,1,129569
650,129.805452,2,30.0,48.0,35.0,35.0,ramp_down,0,,2,1,129800
651,130.005449,2,30.0,48.0,35.0,35.0,ramp_down,0,,2,1,129982
652,130.20387,2,30.0,48.0,35.0,35.0,ramp_down,0,,2,1,130181
653,130.40251,2,30.0,48.0,35.0,35.0,ramp_down,0,,2,1,130379
654,130.601206,2,30.0,48.0,35.0,35.0,ramp_down,0,,2,1,130598
655,130.802497,2,30.0,48.0,35.0,35.0,ramp_down,0,,2,1,130809
656,131.005439,2,30.0,48.0,35.0,35.0,ramp_down,0,,2,1,131008
657,131.200527,2,30.0,48.0,35.0,35.0,ramp_down,0,,2,1,131189
658,131.403231,2,30.0,48.0,35.0,35.0,ramp_down,0,,2,1,131388
659,131.605446,2,30.0,48.0,35.0,35.0,ramp_down,0,,2,1,131586
660,131.805452,2,30.0,48.0,35.0,35.0,ramp_down,0,,2,1,131767
661,132.004311,2,30.0,48.0,35.0,35.0,ramp_down,0,,2,1,131965
662,132.20385,2,30.0,48.0,35.0,35.0,ramp_down,0,,2,1,132210
663,132.405436,2,30.0,48.0,35.0,35.0,ramp_down,0,,2,1,132406
664,132.605454,2,30.0,48.0,35.0,35.0,ramp_down,0,,2,1,132603
665,132.8047,2,30.0,48.0,35.0,35.0,ramp_down,0,,2,1,132785
666,133.004815,2,30.0,48.0,35.0,35.0,ramp_down,0,,2,1,132968
667,133.20546,2,30.0,48.0,35.0,35.0,ramp_down,0,,2,1,133166
668,133.401863,2,30.0,48.0,35.0,35.0,ramp_down,0,,2,1,133364
669,133.604267,2,30.0,48.0,35.0,35.0,ramp_down,0,,2,1,133596
670,133.803371,2,30.0,48.0,35.0,35.0,ramp_down,0,,2,1,133790
671,134.005444,2,30.0,48.0,35.0,35.0,ramp_down,0,,2,1,133988
672,134.205443,2,30.0,48.0,35.0,35.0,ramp_down,0,,2,1,134183
673,134.403233,2,30.0,48.0,35.0,35.0,ramp_down,0,,2,1,134380
674,134.60544,2,30.0,48.0,35.0,35.0,ramp_down,0,,2,1,134566
675,134.80546,2,30.0,48.0,35.0,35.0,ramp_down,0,,2,1,134810
676,135.00544,2,30.0,48.0,35.0,35.0,ramp_down,0,,2,1,134991
677,135.205452,2,30.0,48.0,35.0,35.0,ramp_down,0,,2,1,135170
678,135.405433,2,30.0,48.0,35.0,35.0,ramp_down,0,,2,1,135366
679,135.605448,2,30.0,48.0,35.0,35.0,ramp_down,0,,2,1,135614
680,135.805467,2,30.0,48.0,35.0,35.0,ramp_down,0,,2,1,135811
681,136.005284,2,30.0,48.0,35.0,35.0,ramp_down,0,,2,1,135978
682,136.205436,2,30.0,48.0,35.0,35.0,ramp_down,0,,2,1,136184
683,136.405348,2,30.0,48.0,35.0,35.0,ramp_down,0,,2,1,136404
684,136.605449,2,30.0,48.0,35.0,35.0,ramp_down,0,,2,1,136602
685,136.800656,2,30.0,48.0,35.0,35.0,ramp_down,0,,2,1,136782
686,137.005437,2,30.0,48.0,35.0,35.0,ramp_down,0,,2,1,136981
687,137.205463,2,30.0,48.0,35.0,35.0,ramp_down,0,,2,1,137175
688,137.403891,2,30.0,48.0,35.0,35.0,ramp_down,0,,2,1,137370
689,137.605442,2,30.0,48.0,35.0,35.0,ramp_down,0,,2,1,137602
690,137.805437,2,30.0,48.0,35.0,35.0,ramp_down,0,,2,1,137786
691,138.005453,2,30.0,48.0,35.0,35.0,ramp_down,0,,2,1,137982
692,138.205445,2,30.0,48.0,35.0,35.0,ramp_down,0,,2,1,138167
693,138.405448,2,30.0,48.0,35.0,35.0,ramp_down,0,,2,1,138363
694,138.605439,2,30.0,48.0,35.0,35.0,ramp_down,0,,2,1,138608
695,138.805449,2,30.0,48.0,35.0,35.0,ramp_down,0,,2,1,138786
696,139.00544,2,30.0,48.0,35.0,35.0,ramp_down,0,,2,1,138981
697,139.205482,2,30.0,48.0,35.0,35.0,ramp_down,0,,2,1,139176
698,139.404803,2,30.0,48.0,35.0,35.0,ramp_down,0,,2,1,139371
699,139.602358,2,30.0,48.0,35.0,35.0,ramp_down,0,,2,1,139551
700,139.805445,2,30.0,48.0,35.0,35.0,ramp_down,0,,2,1,139812
701,140.005458,2,30.0,48.0,35.0,35.0,ramp_down,0,,2,1,139995
702,140.205464,2,30.0,48.0,35.0,35.0,ramp_down,0,,2,1,140195
703,140.403865,2,30.0,48.0,35.0,35.0,ramp_down,0,,2,1,140376
704,140.605439,2,30.0,48.0,35.0,35.0,ramp_down,0,,2,1,140609
705,140.805438,2,30.0,48.0,35.0,35.0,ramp_down,0,,2,1,140806
706,141.005442,2,30.0,48.0,35.0,35.0,ramp_down,0,,2,1,141002
707,141.205436,2,30.0,48.0,35.0,35.0,ramp_down,0,,2,1,141199
708,141.405445,2,30.0,48.0,35.0,35.0,ramp_down,0,,2,1,141380
709,141.605461,2,30.0,48.0,35.0,35.0,ramp_down,0,,2,1,141612
710,141.805432,2,30.0,48.0,35.0,35.0,ramp_down,0,,2,1,141771
711,142.00544,2,30.0,48.0,35.0,35.0,ramp_down,0,,2,1,142016
712,142.205455,2,30.0,48.0,35.0,35.0,ramp_down,0,,2,1,142200
713,142.405437,2,30.0,48.0,35.0,35.0,ramp_down,0,,2,1,142378
714,142.605437,2,30.0,48.0,35.0,35.0,ramp_down,0,,2,1,142574
715,142.805452,2,30.0,48.0,35.0,35.0,ramp_down,0,,2,1,142769
716,143.005439,2,30.0,48.0,35.0,35.0,ramp_down,0,,2,1,142952
717,143.205451,2,30.0,48.0,35.0,35.0,ramp_down,0,,2,1,143199
718,143.405441,2,30.0,48.0,35.0,35.0,ramp_down,0,,2,1,143398
719,143.605437,2,30.0,48.0,35.0,35.0,ramp_down,0,,2,1,143596
720,143.805454,2,30.0,48.0,35.0,35.0,ramp_down,0,,2,1,143763
721,144.005449,2,30.0,48.0,35.0,35.0,ramp_down,0,,2,1,144010
722,144.201351,2,30.0,48.0,35.0,35.0,ramp_down,0,,2,1,144205
723,144.405446,2,30.0,48.0,35.0,35.0,ramp_down,0,,2,1,144400
724,144.605456,2,30.0,48.0,35.0,35.0,ramp_down,0,,2,1,144598
725,144.805444,2,30.0,48.0,35.0,35.0,ramp_down,0,,2,1,144780
726,145.005442,2,30.0,48.0,35.0,35.0,ramp_down,0,,2,1,144961
727,145.205155,2,30.0,48.0,35.0,35.0,ramp_down,0,,2,1,145192
728,145.404202,2,30.0,48.0,35.0,35.0,ramp_down,0,,2,1,145372
729,145.605448,2,30.0,48.0,35.0,35.0,ramp_down,0,,2,1,145566
730,145.802678,2,30.0,48.0,35.0,35.0,ramp_down,0,,2,1,145812
731,146.005455,2,30.0,48.0,35.0,35.0,ramp_down,0,,2,1,145994
732,146.205442,2,30.0,48.0,35.0,35.0,ramp_down,0,,2,1,146191
733,146.403387,2,30.0,48.0,35.0,35.0,ramp_down,0,,2,1,146389
734,146.601172,2,30.0,48.0,35.0,35.0,ramp_down,0,,2,1,146570
735,146.805142,2,30.0,48.0,35.0,35.0,ramp_down,0,,2,1,146766
736,147.005446,2,30.0,48.0,35.0,35.0,ramp_down,0,,2,1,147012
737,147.205455,2,30.0,48.0,35.0,35.0,ramp_down,0,,2,1,147210
738,147.405441,2,30.0,48.0,35.0,35.0,ramp_down,0,,2,1,147408
739,147.605445,2,30.0,48.0,35.0,35.0,ramp_down,0,,2,1,147587
740,147.805436,2,30.0,48.0,35.0,35.0,ramp_down,0,,2,1,147768
741,148.005456,2,30.0,48.0,35.0,35.0,ramp_down,0,,2,1,147963
742,148.205435,2,30.0,48.0,35.0,35.0,ramp_down,0,,2,1,148208
743,148.405437,2,30.0,48.0,35.0,35.0,ramp_down,0,,2,1,148388
744,148.605552,2,30.0,48.0,35.0,35.0,ramp_down,0,,2,1,148583
745,148.80442,2,30.0,48.0,35.0,35.0,ramp_down,0,,2,1,148814
746,149.004577,2,30.0,48.0,35.0,35.0,ramp_down,0,,2,1,149010
747,149.204651,2,30.0,48.0,35.0,35.0,ramp_down,0,,2,1,149192
748,149.405438,2,30.0,48.0,35.0,35.0,ramp_down,0,,2,1,149372
749,149.605454,2,30.0,48.0,35.0,35.0,ramp_down,0,,2,1,149553
750,149.805435,2,30.0,48.0,35.0,35.0,ramp_down,0,,2,1,149815
751,150.005439,2,30.0,48.0,35.0,35.0,ramp_down,0,,2,1,150009
752,150.205452,2,30.0,48.0,35.0,35.0,ramp_down,0,,2,1,150202
753,150.405453,2,30.0,48.0,35.0,35.0,ramp_down,0,,2,1,150398
754,150.604601,2,30.0,48.0,35.0,35.0,ramp_down,0,,2,1,150580
755,150.804253,2,30.0,48.0,35.0,35.0,ramp_down,0,,2,1,150797
756,151.005462,2,30.0,48.0,35.0,35.0,ramp_down,0,,2,1,150979
757,151.202886,2,30.0,48.0,35.0,35.0,ramp_down,0,,2,1,151212
758,151.405443,2,30.0,48.0,35.0,35.0,ramp_down,0,,2,1,151379
759,151.605449,2,30.0,48.0,35.0,35.0,ramp_down,0,,2,1,151560
760,151.805455,2,30.0,48.0,35.0,35.0,ramp_down,0,,2,1,151793
761,152.005438,2,30.0,48.0,35.0,35.0,ramp_down,0,,2,1,151975
762,152.204641,2,30.0,48.0,35.0,35.0,ramp_down,0,,2,1,152207
763,152.405453,2,30.0,48.0,35.0,35.0,ramp_down,0,,2,1,152401
764,152.605455,2,30.0,48.0,35.0,35.0,ramp_down,0,,2,1,152597
765,152.803335,2,30.0,48.0,35.0,35.0,ramp_down,0,,2,1,152791
766,153.005434,2,30.0,48.0,35.0,35.0,ramp_down,0,,2,1,152988
767,153.205447,2,30.0,48.0,35.0,35.0,ramp_down,0,,2,1,153169
768,153.401812,2,30.0,48.0,35.14,35.028,ramp_down,0,,2,1,153363
769,153.602332,2,30.0,48.0,36.18,35.264,ramp_down,0,,2,1,153595
770,153.802829,2,30.0,48.0,37.16,35.696,ramp_down,0,,2,1,153813
771,154.005445,2,30.0,48.0,38.05,36.306,complete,1,complete,2,1,154010
772,154.203864,3,30.0,48.0,38.86,38.86,baseline,0,,2,1,154190
773,154.405453,3,30.0,48.0,39.85,39.355,baseline,0,,2,1,154409
774,154.601878,3,30.0,48.0,40.59,39.7667,baseline,0,,2,1,154594
775,154.805443,3,30.0,48.0,41.39,40.1725,ramp_up,1,ramp_up,2,1,154753
776,155.000456,3,30.0,48.0,42.5,40.638,ramp_up,0,,2,1,154999
777,155.205447,3,30.0,48.0,43.32,41.53,ramp_up,0,,2,1,155182
778,155.403068,3,30.0,48.0,44.14,42.388,ramp_up,0,,2,1,155364
779,155.602886,3,30.0,48.0,45.25,43.32,ramp_up,0,,2,1,155609
780,155.80545,3,30.0,48.0,46.07,44.256,ramp_up,0,,2,1,155792
781,156.005453,3,30.0,48.0,46.95,45.146,ramp_up,0,,2,1,155988
782,156.205208,3,30.0,48.0,47.82,46.046,ramp_up,0,,2,1,156182
783,156.405444,3,30.0,48.0,48.0,46.818,ramp_up,0,,2,1,156379
784,156.605455,3,30.0,48.0,48.0,47.368,ramp_up,0,,2,1,156574
785,156.805443,3,30.0,48.0,48.0,47.754,ramp_up,0,,2,1,156790
786,157.005449,3,30.0,48.0,48.0,47.964,ramp_up,0,,2,1,156989
787,157.205437,3,30.0,48.0,48.0,48.0,hold,1,hold,2,1,157183
788,157.401762,3,30.0,48.0,48.0,48.0,hold,0,,2,1,157378
789,157.605445,3,30.0,48.0,48.0,48.0,hold,0,,2,1,157609
790,157.805436,3,30.0,48.0,48.0,48.0,hold,0,,2,1,157776
791,158.005438,3,30.0,48.0,48.0,48.0,hold,0,,2,1,158007
792,158.205439,3,30.0,48.0,48.0,48.0,hold,0,,2,1,158201
793,158.40545,3,30.0,48.0,48.0,48.0,hold,0,,2,1,158396
794,158.605446,3,30.0,48.0,48.0,48.0,hold,0,,2,1,158578
795,158.80544,3,30.0,48.0,48.0,48.0,hold,0,,2,1,158772
796,159.005452,3,30.0,48.0,48.0,48.0,hold,0,,2,1,158969
797,159.205436,3,30.0,48.0,48.0,48.0,hold,0,,2,1,159201
798,159.405449,3,30.0,48.0,48.0,48.0,hold,0,,2,1,159383
799,159.605438,3,30.0,48.0,48.0,48.0,hold,0,,2,1,159565
800,159.800657,3,30.0,48.0,48.0,48.0,hold,0,,2,1,159759
801,160.005437,3,30.0,48.0,48.0,48.0,hold,0,,2,1,160004
802,160.205438,3,30.0,48.0,48.0,48.0,hold,0,,2,1,160202
803,160.405446,3,30.0,48.0,48.0,48.0,hold,0,,2,1,160369
804,160.605569,3,30.0,48.0,48.0,48.0,hold,0,,2,1,160565
805,160.805453,3,30.0,48.0,48.0,48.0,hold,0,,2,1,160811
806,161.005445,3,30.0,48.0,48.0,48.0,hold,0,,2,1,161008
807,161.205448,3,30.0,48.0,48.0,48.0,hold,0,,2,1,161204
808,161.405438,3,30.0,48.0,48.0,48.0,hold,0,,2,1,161400
809,161.601917,3,30.0,48.0,48.0,48.0,hold,0,,2,1,161583
810,161.805447,3,30.0,48.0,48.0,48.0,hold,0,,2,1,161814
811,162.004717,3,30.0,48.0,48.0,48.0,hold,0,,2,1,161981
812,162.203834,3,30.0,48.0,48.0,48.0,hold,0,,2,1,162160
813,162.405475,3,30.0,48.0,48.0,48.0,hold,0,,2,1,162408
814,162.603181,3,30.0,48.0,48.0,48.0,hold,0,,2,1,162602
815,162.805461,3,30.0,48.0,48.0,48.0,hold,0,,2,1,162769
816,163.005456,3,30.0,48.0,48.0,48.0,hold,0,,2,1,163000
817,163.20384,3,30.0,48.0,48.0,48.0,hold,0,,2,1,163196
818,163.402539,3,30.0,48.0,48.0,48.0,hold,0,,2,1,163379
819,163.605441,3,30.0,48.0,48.0,48.0,hold,0,,2,1,163574
820,163.80058,3,30.0,48.0,48.0,48.0,hold,0,,2,1,163759
821,164.005436,3,30.0,48.0,48.0,48.0,hold,0,,2,1,163953
822,164.20484,3,30.0,48.0,48.0,48.0,hold,0,,2,1,164184
823,164.404741,3,30.0,48.0,48.0,48.0,hold,0,,2,1,164380
824,164.605442,3,30.0,48.0,48.0,48.0,hold,0,,2,1,164611
825,164.805444,3,30.0,48.0,48.0,48.0,hold,0,,2,1,164790
826,165.005441,3,30.0,48.0,48.0,48.0,hold,0,,2,1,164985
827,165.205446,3,30.0,48.0,48.0,48.0,hold,0,,2,1,165199
828,165.40544,3,30.0,48.0,48.0,48.0,hold,0,,2,1,165393
829,165.600638,3,30.0,48.0,48.0,48.0,hold,0,,2,1,165590
830,165.805442,3,30.0,48.0,48.0,48.0,hold,0,,2,1,165785
831,166.003397,3,30.0,48.0,48.0,48.0,hold,0,,2,1,165980
832,166.203804,3,30.0,48.0,48.0,48.0,hold,0,,2,1,166213
833,166.405447,3,30.0,48.0,48.0,48.0,hold,0,,2,1,166393
834,166.602143,3,30.0,48.0,48.0,48.0,hold,0,,2,1,166588
835,166.805435,3,30.0,48.0,48.0,48.0,hold,0,,2,1,166784
836,167.005443,3,30.0,48.0,48.0,48.0,hold,0,,2,1,166981
837,167.205448,3,30.0,48.0,48.0,48.0,hold,0,,2,1,167160
838,167.405439,3,30.0,48.0,48.0,48.0,hold,0,,2,1,167358
839,167.605443,3,30.0,48.0,48.0,48.0,hold,0,,2,1,167615
840,167.804405,3,30.0,48.0,48.0,48.0,hold,0,,2,1,167809
841,168.005456,3,30.0,48.0,48.0,48.0,hold,0,,2,1,168004
842,168.205437,3,30.0,48.0,48.0,48.0,hold,0,,2,1,168198
843,168.405457,3,30.0,48.0,48.0,48.0,hold,0,,2,1,168395
844,168.605441,3,30.0,48.0,48.0,48.0,hold,0,,2,1,168592
845,168.800756,3,30.0,48.0,48.0,48.0,hold,0,,2,1,168786
846,169.002864,3,30.0,48.0,48.0,48.0,hold,0,,2,1,168982
847,169.205458,3,30.0,48.0,48.0,48.0,hold,0,,2,1,169179
848,169.400925,3,30.0,48.0,48.0,48.0,hold,0,,2,1,169360
849,169.604762,3,30.0,48.0,48.0,48.0,hold,0,,2,1,169558
850,169.805436,3,30.0,48.0,48.0,48.0,hold,0,,2,1,169753
851,170.005462,3,30.0,48.0,48.0,48.0,hold,0,,2,1,170012
852,170.205452,3,30.0,48.0,48.0,48.0,hold,0,,2,1,170207
853,170.404729,3,30.0,48.0,48.0,48.0,hold,0,,2,1,170390
854,170.60545,3,30.0,48.0,48.0,48.0,hold,0,,2,1,170571
855,170.805436,3,30.0,48.0,48.0,48.0,hold,0,,2,1,170767
856,171.004194,3,30.0,48.0,48.0,48.0,hold,0,,2,1,171013
857,171.205461,3,30.0,48.0,48.0,48.0,hold,0,,2,1,171207
858,171.40476,3,30.0,48.0,48.0,48.0,hold,0,,2,1,171399
859,171.604917,3,30.0,48.0,48.0,48.0,hold,0,,2,1,171581
860,171.805437,3,30.0,48.0,48.0,48.0,hold,0,,2,1,171811
861,172.005437,3,30.0,48.0,48.0,48.0,hold,0,,2,1,172006
862,172.205463,3,30.0,48.0,48.0,48.0,hold,0,,2,1,172187
863,172.405436,3,30.0,48.0,48.0,48.0,hold,0,,2,1,172371
864,172.605446,3,30.0,48.0,48.0,48.0,hold,0,,2,1,172568
865,172.805448,3,30.0,48.0,48.0,48.0,hold,0,,2,1,172763
866,173.00544,3,30.0,48.0,48.0,48.0,hold,0,,2,1,172960
867,173.205436,3,30.0,48.0,48.0,48.0,hold,0,,2,1,173206
868,173.405486,3,30.0,48.0,48.0,48.0,hold,0,,2,1,173402
869,173.605454,3,30.0,48.0,48.0,48.0,hold,0,,2,1,173595
870,173.800495,3,30.0,48.0,48.0,48.0,hold,0,,2,1,173775
871,174.005441,3,30.0,48.0,48.0,48.0,hold,0,,2,1,173969
872,174.205448,3,30.0,48.0,48.0,48.0,hold,0,,2,1,174166
873,174.401479,3,30.0,48.0,48.0,48.0,hold,0,,2,1,174362
874,174.605448,3,30.0,48.0,48.0,48.0,hold,0,,2,1,174560
875,174.803291,3,30.0,48.0,48.0,48.0,hold,0,,2,1,174755
876,175.005451,3,30.0,48.0,48.0,48.0,hold,0,,2,1,175001
877,175.204731,3,30.0,48.0,48.0,48.0,hold,0,,2,1,175197
878,175.40545,3,30.0,48.0,48.0,48.0,hold,0,,2,1,175380
879,175.605452,3,30.0,48.0,48.0,48.0,hold,0,,2,1,175560
880,175.805445,3,30.0,48.0,48.0,48.0,hold,0,,2,1,175754
881,176.005456,3,30.0,48.0,48.0,48.0,hold,0,,2,1,176014
882,176.205451,3,30.0,48.0,48.0,48.0,hold,0,,2,1,176210
883,176.403811,3,30.0,48.0,48.0,48.0,hold,0,,2,1,176392
884,176.605443,3,30.0,48.0,48.0,48.0,hold,0,,2,1,176571
885,176.805435,3,30.0,48.0,48.0,48.0,hold,0,,2,1,176770
886,177.00545,3,30.0,48.0,48.0,48.0,hold,0,,2,1,177014
887,177.201593,3,30.0,48.0,48.0,48.0,hold,0,,2,1,177211
888,177.405464,3,30.0,48.0,48.0,48.0,hold,0,,2,1,177410
889,177.605453,3,30.0,48.0,48.0,48.0,hold,0,,2,1,177603
890,177.805464,3,30.0,48.0,48.0,48.0,hold,0,,2,1,177783
891,178.003382,3,30.0,48.0,48.0,48.0,hold,0,,2,1,177977
892,178.205441,3,30.0,48.0,48.0,48.0,hold,0,,2,1,178159
893,178.405451,3,30.0,48.0,48.0,48.0,hold,0,,2,1,178415
894,178.601751,3,30.0,48.0,48.0,48.0,hold,0,,2,1,178596
895,178.805456,3,30.0,48.0,48.0,48.0,hold,0,,2,1,178792
896,179.004831,3,30.0,48.0,48.0,48.0,hold,0,,2,1,178986
897,179.205451,3,30.0,48.0,48.0,48.0,hold,0,,2,1,179185
898,179.405471,3,30.0,48.0,48.0,48.0,hold,0,,2,1,179378
899,179.605461,3,30.0,48.0,48.0,48.0,hold,0,,2,1,179574
900,179.805435,3,30.0,48.0,48.0,48.0,hold,0,,2,1,179770
901,180.005438,3,30.0,48.0,48.0,48.0,hold,0,,2,1,179968
902,180.205438,3,30.0,48.0,48.0,48.0,hold,0,,2,1,180165
903,180.405437,3,30.0,48.0,48.0,48.0,hold,0,,2,1,180397
904,180.603447,3,30.0,48.0,48.0,48.0,hold,0,,2,1,180589
905,180.801792,3,30.0,48.0,48.0,48.0,hold,0,,2,1,180784
906,181.005481,3,30.0,48.0,48.0,48.0,hold,0,,2,1,180994
907,181.205437,3,30.0,48.0,48.0,48.0,hold,0,,2,1,181191
908,181.40544,3,30.0,48.0,48.0,48.0,hold,0,,2,1,181371
909,181.60183,3,30.0,48.0,48.0,48.0,hold,0,,2,1,181567
910,181.800853,3,30.0,48.0,48.0,48.0,hold,0,,2,1,181749
911,182.005448,3,30.0,48.0,48.0,48.0,hold,0,,2,1,182009
912,182.205451,3,30.0,48.0,48.0,48.0,hold,0,,2,1,182203
913,182.405467,3,30.0,48.0,48.0,48.0,hold,0,,2,1,182398
914,182.605436,3,30.0,48.0,48.0,48.0,hold,0,,2,1,182597
915,182.800519,3,30.0,48.0,48.0,48.0,hold,0,,2,1,182793
916,183.005436,3,30.0,48.0,48.0,48.0,hold,0,,2,1,182958
917,183.204167,3,30.0,48.0,48.0,48.0,hold,0,,2,1,183205
918,183.40301,3,30.0,48.0,48.0,48.0,hold,0,,2,1,183399
919,183.605444,3,30.0,48.0,48.0,48.0,hold,0,,2,1,183580
920,183.801437,3,30.0,48.0,48.0,48.0,hold,0,,2,1,183761
921,184.005437,3,30.0,48.0,48.0,48.0,hold,0,,2,1,183956
922,184.205454,3,30.0,48.0,48.0,48.0,hold,0,,2,1,184202
923,184.405441,3,30.0,48.0,48.0,48.0,hold,0,,2,1,184397
924,184.60104,3,30.0,48.0,48.0,48.0,hold,0,,2,1,184594
925,184.80282,3,30.0,48.0,48.0,48.0,hold,0,,2,1,184759
926,185.005438,3,30.0,48.0,48.0,48.0,hold,0,,2,1,185019
927,185.205451,3,30.0,48.0,48.0,48.0,hold,0,,2,1,185215
928,185.405443,3,30.0,48.0,48.0,48.0,hold,0,,2,1,185396
929,185.605439,3,30.0,48.0,48.0,48.0,hold,0,,2,1,185590
930,185.805446,3,30.0,48.0,48.0,48.0,hold,0,,2,1,185786
931,186.005439,3,30.0,48.0,48.0,48.0,hold,0,,2,1,186031
932,186.20544,3,30.0,48.0,48.0,48.0,hold,0,,2,1,186161
933,186.405447,3,30.0,48.0,47.61,47.922,hold,0,,2,1,186357
934,186.605441,3,30.0,48.0,46.84,47.69,hold,0,,2,1,186614
935,186.805441,3,30.0,48.0,46.3,47.35,hold,0,,2,1,186796
936,187.005446,3,30.0,48.0,45.7,46.89,ramp_down,1,ramp_down,2,1,186992
937,187.205448,3,30.0,48.0,45.13,46.316,ramp_down,0,,2,1,187185
938,187.405437,3,30.0,48.0,44.54,45.702,ramp_down,0,,2,1,187380
939,187.602011,3,30.0,48.0,43.85,45.104,ramp_down,0,,2,1,187611
940,187.805441,3,30.0,48.0,43.35,44.514,ramp_down,0,,2,1,187777
941,188.005449,3,30.0,48.0,42.76,43.926,ramp_down,0,,2,1,187972
942,188.205467,3,30.0,48.0,42.19,43.338,ramp_down,0,,2,1,188165
943,188.400491,3,30.0,48.0,41.6,42.75,ramp_down,0,,2,1,188361
944,188.60544,3,30.0,48.0,40.86,42.152,ramp_down,0,,2,1,188607
945,188.800702,3,30.0,48.0,40.27,41.536,ramp_down,0,,2,1,188804
946,189.005038,3,30.0,48.0,39.69,40.922,ramp_down,0,,2,1,188998
947,189.20545,3,30.0,48.0,39.19,40.322,ramp_down,0,,2,1,189165
948,189.402715,3,30.0,48.0,38.5,39.702,ramp_down,0,,2,1,189395
949,189.605445,3,30.0,48.0,37.99,39.128,ramp_down,0,,2,1,189575
950,189.805454,3,30.0,48.0,37.36,38.546,ramp_down,0,,2,1,189774
951,190.00544,3,30.0,48.0,36.77,37.962,ramp_down,0,,2,1,189969
952,190.20544,3,30.0,48.0,36.18,37.36,ramp_down,0,,2,1,190166
953,190.40545,3,30.0,48.0,35.44,36.748,ramp_down,0,,2,1,190413
954,190.605446,3,30.0,48.0,35.0,36.15,ramp_down,0,,2,1,190608
955,190.805269,3,30.0,48.0,35.0,35.678,ramp_down,0,,2,1,190805
956,191.005438,3,30.0,48.0,35.0,35.324,ramp_down,0,,2,1,190999
957,191.205438,3,30.0,48.0,35.0,35.088,ramp_down,0,,2,1,191181
958,191.405463,3,30.0,48.0,35.0,35.0,ramp_down,0,,2,1,191362
959,191.605446,3,30.0,48.0,35.0,35.0,ramp_down,0,,2,1,191610
960,191.805484,3,30.0,48.0,35.0,35.0,ramp_down,0,,2,1,191791
961,192.00544,3,30.0,48.0,35.0,35.0,ramp_down,0,,2,1,191986
962,192.20549,3,30.0,48.0,35.0,35.0,ramp_down,0,,2,1,192182
963,192.405479,3,30.0,48.0,35.0,35.0,ramp_down,0,,2,1,192380
964,192.602689,3,30.0,48.0,35.0,35.0,ramp_down,0,,2,1,192612
965,192.805438,3,30.0,48.0,35.0,35.0,ramp_down,0,,2,1,192762
966,193.00546,3,30.0,48.0,35.0,35.0,ramp_down,0,,2,1,193005
967,193.205447,3,30.0,48.0,35.0,35.0,ramp_down,0,,2,1,193201
968,193.403119,3,30.0,48.0,35.0,35.0,ramp_down,0,,2,1,193381
969,193.601172,3,30.0,48.0,35.0,35.0,ramp_down,0,,2,1,193610
970,193.802274,3,30.0,48.0,35.0,35.0,ramp_down,0,,2,1,193808
971,194.004831,3,30.0,48.0,35.0,35.0,ramp_down,0,,2,1,194005
972,194.20544,3,30.0,48.0,35.0,35.0,ramp_down,0,,2,1,194200
973,194.405444,3,30.0,48.0,35.0,35.0,ramp_down,0,,2,1,194399
974,194.60544,3,30.0,48.0,35.0,35.0,ramp_down,0,,2,1,194592
975,194.80197,3,30.0,48.0,35.0,35.0,ramp_down,0,,2,1,194786
976,195.005525,3,30.0,48.0,35.0,35.0,ramp_down,0,,2,1,194965
977,195.205452,3,30.0,48.0,35.0,35.0,ramp_down,0,,2,1,195213
978,195.405451,3,30.0,48.0,35.0,35.0,ramp_down,0,,2,1,195396
979,195.602009,3,30.0,48.0,35.0,35.0,ramp_down,0,,2,1,195578
980,195.804951,3,30.0,48.0,35.0,35.0,ramp_down,0,,2,1,195775
981,196.005442,3,30.0,48.0,35.0,35.0,ramp_down,0,,2,1,195968
982,196.205443,3,30.0,48.0,35.0,35.0,ramp_down,0,,2,1,196213
983,196.405487,3,30.0,48.0,35.0,35.0,ramp_down,0,,2,1,196395
984,196.605437,3,30.0,48.0,35.0,35.0,ramp_down,0,,2,1,196575
985,196.802367,3,30.0,48.0,35.0,35.0,ramp_down,0,,2,1,196771
986,197.005456,3,30.0,48.0,35.0,35.0,ramp_down,0,,2,1,196967
987,197.205441,3,30.0,48.0,35.0,35.0,ramp_down,0,,2,1,197213
988,197.401951,3,30.0,48.0,35.0,35.0,ramp_down,0,,2,1,197394
989,197.605438,3,30.0,48.0,35.0,35.0,ramp_down,0,,2,1,197590
990,197.805166,3,30.0,48.0,35.0,35.0,ramp_down,0,,2,1,197772
991,198.004188,3,30.0,48.0,35.0,35.0,ramp_down,0,,2,1,197966
992,198.205454,3,30.0,48.0,35.0,35.0,ramp_down,0,,2,1,198208
993,198.405451,3,30.0,48.0,35.0,35.0,ramp_down,0,,2,1,198387
994,198.605453,3,30.0,48.0,35.0,35.0,ramp_down,0,,2,1,198569
995,198.803365,3,30.0,48.0,35.0,35.0,ramp_down,0,,2,1,198813
996,199.005448,3,30.0,48.0,35.0,35.0,ramp_down,0,,2,1,199008
997,199.205456,3,30.0,48.0,35.0,35.0,ramp_down,0,,2,1,199202
998,199.405441,3,30.0,48.0,35.0,35.0,ramp_down,0,,2,1,199384
999,199.605455,3,30.0,48.0,35.0,35.0,ramp_down,0,,2,1,199599
1000,199.803249,3,30.0,48.0,35.0,35.0,ramp_down,0,,2,1,199797
1001,200.005446,3,30.0,48.0,35.0,35.0,ramp_down,0,,2,1,199980
1002,200.205454,3,30.0,48.0,35.0,35.0,ramp_down,0,,2,1,200177
1003,200.405437,3,30.0,48.0,35.0,35.0,ramp_down,0,,2,1,200359
1004,200.605441,3,30.0,48.0,35.0,35.0,ramp_down,0,,2,1,200575
1005,200.805434,3,30.0,48.0,35.0,35.0,ramp_down,0,,2,1,200773
1006,201.005449,3,30.0,48.0,35.0,35.0,ramp_down,0,,2,1,200969
1007,201.205455,3,30.0,48.0,35.0,35.0,ramp_down,0,,2,1,201216
1008,201.404002,3,30.0,48.0,35.0,35.0,ramp_down,0,,2,1,201396
1009,201.601043,3,30.0,48.0,35.0,35.0,ramp_down,0,,2,1,201563
1010,201.803235,3,30.0,48.0,35.0,35.0,ramp_down,0,,2,1,201811
1011,202.003091,3,30.0,48.0,35.0,35.0,ramp_down,0,,2,1,201993
1012,202.205456,3,30.0,48.0,35.0,35.0,ramp_down,0,,2,1,202192
1013,202.400575,3,30.0,48.0,35.0,35.0,ramp_down,0,,2,1,202372
1014,202.605447,3,30.0,48.0,35.0,35.0,ramp_down,0,,2,1,202568
1015,202.805444,3,30.0,48.0,35.0,35.0,ramp_down,0,,2,1,202764
1016,203.005442,3,30.0,48.0,35.0,35.0,ramp_down,0,,2,1,202961
1017,203.201602,3,30.0,48.0,35.0,35.0,ramp_down,0,,2,1,203158
1018,203.403397,3,30.0,48.0,35.0,35.0,ramp_down,0,,2,1,203356
1019,203.605468,3,30.0,48.0,35.0,35.0,ramp_down,0,,2,1,203601
1020,203.80166,3,30.0,48.0,35.0,35.0,ramp_down,0,,2,1,203798
1021,204.004784,3,30.0,48.0,35.0,35.0,ramp_down,0,,2,1,203997
1022,204.204987,3,30.0,48.0,35.0,35.0,ramp_down,0,,2,1,204194
1023,204.401495,3,30.0,48.0,35.0,35.0,ramp_down,0,,2,1,204391
1024,204.601349,3,30.0,48.0,35.0,35.0,ramp_down,0,,2,1,204559
1025,204.803751,3,30.0,48.0,35.0,35.0,ramp_down,0,,2,1,204804
1026,205.005448,3,30.0,48.0,35.0,35.0,ramp_down,0,,2,1,204985
1027,205.205449,3,30.0,48.0,35.0,35.0,ramp_down,0,,2,1,205168
1028,205.402067,3,30.0,48.0,35.0,35.0,ramp_down,0,,2,1,205363
1029,205.60544,3,30.0,48.0,35.0,35.0,ramp_down,0,,2,1,205563
1030,205.804769,3,30.0,48.0,35.0,35.0,ramp_down,0,,2,1,205789
1031,206.005442,3,30.0,48.0,35.0,35.0,ramp_down,0,,2,1,205969
1032,206.205449,3,30.0,48.0,35.0,35.0,ramp_down,0,,2,1,206166
1033,206.405424,3,30.0,48.0,35.0,35.0,ramp_down,0,,2,1,206415
1034,206.6039,3,30.0,48.0,35.0,35.0,ramp_down,0,,2,1,206597
1035,206.805228,3,30.0,48.0,35.0,35.0,ramp_down,0,,2,1,206778
1036,207.005439,3,30.0,48.0,35.0,35.0,ramp_down,0,,2,1,207008
1037,207.205435,3,30.0,48.0,35.0,35.0,ramp_down,0,,2,1,207203
1038,207.405461,3,30.0,48.0,35.0,35.0,ramp_down,0,,2,1,207399
1039,207.605176,3,30.0,48.0,35.0,35.0,ramp_down,0,,2,1,207580
1040,207.805454,3,30.0,48.0,35.0,35.0,ramp_down,0,,2,1,207778
1041,208.00545,3,30.0,48.0,35.0,35.0,ramp_down,0,,2,1,208010
1042,208.205433,3,30.0,48.0,35.0,35.0,ramp_down,0,,2,1,208191
1043,208.405441,3,30.0,48.0,35.0,35.0,ramp_down,0,,2,1,208388
1044,208.605444,3,30.0,48.0,35.0,35.0,ramp_down,0,,2,1,208584
1045,208.805438,3,30.0,48.0,35.0,35.0,ramp_down,0,,2,1,208783
1046,209.005468,3,30.0,48.0,35.0,35.0,ramp_down,0,,2,1,209014
1047,209.201823,3,30.0,48.0,35.0,35.0,ramp_down,0,,2,1,209211
1048,209.405444,3,30.0,48.0,35.0,35.0,ramp_down,0,,2,1,209379
1049,209.605448,3,30.0,48.0,35.0,35.0,ramp_down,0,,2,1,209598
1050,209.805455,3,30.0,48.0,35.0,35.0,ramp_down,0,,2,1,209810
1051,210.005455,3,30.0,48.0,35.0,35.0,ramp_down,0,,2,1,210007
1052,210.204793,3,30.0,48.0,35.0,35.0,ramp_down,0,,2,1,210187
1053,210.405439,3,30.0,48.0,35.0,35.0,ramp_down,0,,2,1,210369
1054,210.605443,3,30.0,48.0,35.0,35.0,ramp_down,0,,2,1,210566
1055,210.805445,3,30.0,48.0,35.0,35.0,ramp_down,0,,2,1,210765
1056,211.005445,3,30.0,48.0,35.0,35.0,ramp_down,0,,2,1,210963
1057,211.201825,3,30.0,48.0,35.0,35.0,ramp_down,0,,2,1,211211
1058,211.405442,3,30.0,48.0,35.0,35.0,ramp_down,0,,2,1,211395
1059,211.603002,3,30.0,48.0,35.0,35.0,ramp_down,0,,2,1,211562
1060,211.805445,3,30.0,48.0,35.0,35.0,ramp_down,0,,2,1,211794
1061,212.005458,3,30.0,48.0,35.0,35.0,ramp_down,0,,2,1,211990
1062,212.204866,3,30.0,48.0,35.0,35.0,ramp_down,0,,2,1,212172
1063,212.402853,3,30.0,48.0,35.0,35.0,ramp_down,0,,2,1,212355
1064,212.605433,3,30.0,48.0,35.0,35.0,ramp_down,0,,2,1,212602
1065,212.805442,3,30.0,48.0,35.0,35.0,ramp_down,0,,2,1,212797
1066,213.005439,3,30.0,48.0,35.0,35.0,ramp_down,0,,2,1,212978
1067,213.205451,3,30.0,48.0,35.0,35.0,ramp_down,0,,2,1,213175
1068,213.405436,3,30.0,48.0,35.0,35.0,ramp_down,0,,2,1,213373
1069,213.605449,3,30.0,48.0,35.0,35.0,ramp_down,0,,2,1,213605
1070,213.803215,3,30.0,48.0,35.0,35.0,ramp_down,0,,2,1,213787
1071,214.005442,3,30.0,48.0,35.0,35.0,ramp_down,0,,2,1,213969
1072,214.20545,3,30.0,48.0,35.0,35.0,ramp_down,0,,2,1,214199
1073,214.404739,3,30.0,48.0,35.0,35.0,ramp_down,0,,2,1,214381
1074,214.605472,3,30.0,48.0,35.0,35.0,ramp_down,0,,2,1,214613
1075,214.805436,3,30.0,48.0,35.0,35.0,ramp_down,0,,2,1,214794
1076,215.005446,3,30.0,48.0,35.0,35.0,ramp_down,0,,2,1,214977
1077,215.205436,3,30.0,48.0,35.0,35.0,ramp_down,0,,2,1,215159
1078,215.405439,3,30.0,48.0,35.0,35.0,ramp_down,0,,2,1,215404
1079,215.605438,3,30.0,48.0,35.0,35.0,ramp_down,0,,2,1,215603
1080,215.805439,3,30.0,48.0,35.0,35.0,ramp_down,0,,2,1,215770
1081,216.005438,3,30.0,48.0,35.0,35.0,ramp_down,0,,2,1,216016
1082,216.204515,3,30.0,48.0,35.0,35.0,ramp_down,0,,2,1,216180
1083,216.401229,3,30.0,48.0,35.0,35.0,ramp_down,0,,2,1,216361
1084,216.60545,3,30.0,48.0,35.0,35.0,ramp_down,0,,2,1,216561
1085,216.80548,3,30.0,48.0,35.0,35.0,ramp_down,0,,2,1,216778
1086,217.00545,3,30.0,48.0,35.0,35.0,ramp_down,0,,2,1,217009
1087,217.205396,3,30.0,48.0,35.0,35.0,ramp_down,0,,2,1,217190
1088,217.405435,3,30.0,48.0,35.0,35.0,ramp_down,0,,2,1,217372
1089,217.601037,3,30.0,48.0,35.0,35.0,ramp_down,0,,2,1,217569
1090,217.805451,3,30.0,48.0,35.0,35.0,ramp_down,0,,2,1,217814
1091,218.002221,3,30.0,48.0,35.0,35.0,ramp_down,0,,2,1,218012
1092,218.205452,3,30.0,48.0,35.0,35.0,ramp_down,0,,2,1,218210
1093,218.405447,3,30.0,48.0,35.0,35.0,ramp_down,0,,2,1,218391
1094,218.603006,3,30.0,48.0,35.0,35.0,ramp_down,0,,2,1,218589
1095,218.805446,3,30.0,48.0,35.0,35.0,ramp_down,0,,2,1,218769
1096,219.005438,3,30.0,48.0,35.0,35.0,ramp_down,0,,2,1,219015
1097,219.204273,3,30.0,48.0,35.0,35.0,ramp_down,0,,2,1,219197
1098,219.401104,3,30.0,48.0,35.0,35.0,ramp_down,0,,2,1,219377
1099,219.603725,3,30.0,48.0,35.0,35.0,ramp_down,0,,2,1,219609
1100,219.805451,3,30.0,48.0,35.0,35.0,ramp_down,0,,2,1,219792
1101,220.002976,3,30.0,48.0,35.0,35.0,ramp_down,0,,2,1,219972
1102,220.205435,3,30.0,48.0,35.0,35.0,ramp_down,0,,2,1,220205
1103,220.405435,3,30.0,48.0,35.0,35.0,ramp_down,0,,2,1,220402
1104,220.605436,3,30.0,48.0,35.22,35.044,ramp_down,0,,2,1,220616
1105,220.805445,3,30.0,48.0,36.12,35.268,ramp_down,0,,2,1,220814
1106,221.005451,3,30.0,48.0,36.9,35.648,ramp_down,0,,2,1,221005
1107,221.205437,3,30.0,48.0,37.84,36.216,complete,1,complete,2,1,221196
1108,221.405446,4,30.0,46.0,38.65,38.65,baseline,0,,2,1,221378
1109,221.60544,4,30.0,46.0,39.47,39.06,baseline,0,,2,1,221559
1110,221.804648,4,30.0,46.0,40.51,39.5433,baseline,0,,2,1,221791
1111,222.002429,4,30.0,46.0,41.36,39.9975,ramp_up,1,ramp_up,2,1,221986
1112,222.204913,4,30.0,46.0,42.28,40.454,ramp_up,0,,2,1,222184
1113,222.405436,4,30.0,46.0,43.1,41.344,ramp_up,0,,2,1,222366
1114,222.605446,4,30.0,46.0,44.0,42.25,ramp_up,0,,2,1,222565
1115,222.805441,4,30.0,46.0,44.87,43.122,ramp_up,0,,2,1,222760
1116,223.004664,4,30.0,46.0,45.75,44.0,ramp_up,0,,2,1,222955
1117,223.201151,4,30.0,46.0,46.0,44.744,ramp_up,0,,2,1,223152
1118,223.404661,4,30.0,46.0,46.0,45.324,ramp_up,0,,2,1,223412
1119,223.600517,4,30.0,46.0,46.0,45.724,ramp_up,0,,2,1,223593
1120,223.803722,4,30.0,46.0,46.0,45.95,ramp_up,0,,2,1,223810
1121,224.005438,4,30.0,46.0,46.0,46.0,hold,1,hold,2,1,224007
1122,224.203687,4,30.0,46.0,46.0,46.0,hold,0,,2,1,224189
